代码,名称,最新价,总市值(亿),股息率(%)
937,冀中能源,5.45,192.58,14.679
603508,思维列控,27.04,103.1,13.084
600256,广汇能源,5.15,329.19,12.272
603565,中谷物流,10.19,214.0,11.973
2271,东方雨虹,15.73,375.74,11.761
601919,中远海控,14.49,2236.67,11.014
605368,蓝天燃气,8.33,59.53,10.204
603303,得邦照明,14.29,68.16,9.664
2582,好想你,15.06,67.42,9.389
2563,森马服饰,5.4,145.48,9.259
2818,富森美,11.39,85.25,9.131
2327,富安娜,6.82,57.17,9.091
603167,渤海轮渡,9.6,45.04,8.333
601088,中国神华,40.08,7963.3,8.084
600036,招商银行,38.24,9644.07,7.879
600566,济川药业,26.76,246.55,7.814
915,华特达因,32.15,75.34,7.776
603551,奥普科技,11.18,43.04,7.71
600153,建发股份,9.24,267.92,7.695
2303,美盈森,4.13,63.24,7.676
603519,立霸股份,13.08,34.84,7.645
603165,荣晟环保,14.98,39.54,7.583
2749,国光股份,13.5,62.96,7.422
2014,永新股份,12.15,74.42,7.407
651,格力电器,40.77,2283.69,7.358
2304,洋河股份,63.18,951.77,7.355
601666,平煤股份,8.24,203.48,7.294
2951,金时科技,13.73,55.61,7.283
600894,广日股份,9.69,82.53,7.265
603207,小方制药,30.55,49.05,7.201
2998,优彩资源,8.64,30.42,7.188
2867,周大生,12.63,137.1,7.173
2572,索菲亚,13.99,134.73,7.148
601686,XD友发集,6.25,91.94,7.136
603886,元祖股份,14.08,33.79,7.102
600132,重庆啤酒,52.7,255.05,7.021
605377,华旺科技,8.65,48.15,6.994
2088,鲁阳节能,11.56,59.32,6.92
600008,首创环保,3.05,223.89,6.885
600023,浙能电力,4.98,667.75,6.827
2839,张家港行,4.44,108.53,6.757
603326,我乐家居,9.73,31.06,6.701
2807,江阴银行,4.49,110.52,6.682
601577,长沙银行,9.3,374.0,6.667
600985,淮北矿业,11.25,302.99,6.667
600546,山煤国际,10.48,207.76,6.584
603833,欧派家居,57.09,347.77,6.516
600398,海澜之家,6.3,302.57,6.508
600901,江苏金租,6.16,356.78,6.494
300979,华利集团,50.86,593.54,6.488
2932,明德生物,18.97,44.11,6.484
301047,义翘神州,77.71,94.52,6.434
601339,百隆东方,6.4,95.97,6.406
603897,长城科技,28.2,58.21,6.383
2032,苏 泊 尔,44.06,353.08,6.378
300406,九强生物,14.2,83.26,6.345
300770,新媒股份,45.2,102.98,6.336
600887,伊利股份,26.84,1697.73,6.334
603801,志邦家居,9.53,41.39,6.327
600066,宇通客车,31.89,706.03,6.272
600177,雅戈尔,7.36,340.29,6.25
600015,华夏银行,6.5,1034.47,6.231
605337,李子园,12.04,46.97,6.196
600742,富维股份,10.18,75.64,6.189
601101,昊华能源,7.5,108.0,6.107
601169,北京银行,5.26,1112.12,6.084
2228,合兴包装,4.58,55.57,6.048
301004,嘉益股份,51.85,75.6,6.046
300737,科顺股份,5.8,64.38,6.034
600729,重庆百货,25.33,111.57,6.005
300616,尚品宅配,15.12,33.95,5.952
601225,陕西煤业,21.48,2082.49,5.95
601928,凤凰传媒,10.09,256.78,5.946
1299,美能能源,12.95,31.42,5.931
301039,中集车辆,9.48,177.67,5.907
600182,S佳通,15.42,52.43,5.901
2293,罗莱生活,10.17,84.8,5.9
601886,江河集团,9.37,106.16,5.87
600551,时代出版,8.57,58.11,5.834
2267,陕天然气,7.75,86.19,5.806
600873,梅花生物,10.74,301.18,5.698
600908,无锡银行,5.8,127.29,5.69
601838,成都银行,15.72,666.28,5.668
600502,安徽建工,4.77,81.88,5.66
2763,汇洁股份,7.98,32.71,5.639
600681,百川能源,4.17,55.91,5.635
601818,光大银行,3.36,1985.27,5.625
913,钱江摩托,16.03,84.41,5.614
600919,江苏银行,9.73,1785.58,5.601
2884,凌霄泵业,17.92,64.1,5.58
600987,航民股份,7.17,73.19,5.579
858,五 粮 液,103.05,4000.0,5.577
858,五粮液,103.05,4000.0,5.577
858,五粮液,103.05,4000.0,5.577
858,五粮液,103.05,4000.0,5.577
858,五粮液,103.05,4000.0,5.577
157,中联重科,8.98,776.64,5.568
2746,仙坛股份,6.29,54.13,5.564
2557,洽洽食品,23.4,118.37,5.56
300441,鲍斯股份,8.13,52.39,5.535
600007,中国国贸,19.88,200.25,5.533
600642,申能股份,8.25,403.76,5.455
603113,金能科技,6.51,55.24,5.453
895,双汇发展,25.69,890.07,5.45
605266,健之佳,20.19,31.2,5.448
301206,三元生物,27.57,55.78,5.441
601166,兴业银行,19.61,4150.04,5.405
1,平安银行,11.07,2148.24,5.402
1,平安银行,11.07,2148.24,5.402
1,平安银行,11.07,2148.24,5.402
1,平安银行,11.07,2148.24,5.402
1,平安银行,11.07,2148.24,5.402
603156,养元饮品,34.53,435.17,5.387
601229,上海银行,9.7,1378.27,5.361
600098,广州发展,6.91,242.26,5.355
603006,联明股份,14.23,36.18,5.341
2372,伟星新材,11.24,178.95,5.338
300755,华致酒行,16.9,70.44,5.337
601668,中国建筑,5.08,2099.08,5.335
600582,天地科技,5.96,246.66,5.319
600750,江中药业,22.68,144.01,5.291
603279,景津装备,17.04,98.21,5.282
601128,常熟银行,7.15,237.13,5.273
601916,浙商银行,2.96,812.95,5.27
600016,民生银行,3.76,1646.22,5.266
601567,三星医疗,26.2,368.16,5.263
568,泸州老窖,113.18,1665.94,5.257
603365,水星家纺,20.98,55.07,5.248
600188,兖矿能源,13.84,1389.19,5.202
333,美的集团,77.78,5910.34,5.197
600866,星湖科技,7.32,121.62,5.191
601001,晋控煤业,14.57,243.86,5.182
999,华润三九,28.36,471.97,5.18
1323,慕思股份,26.5,115.3,5.166
2027,分众传媒,7.39,1067.28,5.142
603323,苏农银行,4.95,99.92,5.131
2966,苏州银行,8.02,358.55,5.112
2322,理工能科,13.41,49.02,5.108
423,东阿阿胶,50.15,322.95,5.071
603855,华荣股份,19.74,66.62,5.066
603408,建霖家居,13.64,61.05,5.059
2714,牧原股份,46.27,2527.62,5.051
600803,新奥股份,19.61,607.08,5.048
601825,沪农商行,8.6,829.42,5.047
601598,中国外运,5.83,418.23,5.043
2091,江苏国泰,9.34,152.03,5.032
601997,贵阳银行,5.78,211.33,5.017
2274,华昌化工,5.98,56.95,5.017
2508,老板电器,19.95,188.52,5.013
921,海信家电,24.7,342.06,4.98
2441,众业达,10.04,54.67,4.98
600941,中国移动,96.14,20809.12,4.976
601000,唐山港,4.05,240.0,4.938
300628,亿联网络,36.45,461.72,4.93
601077,渝农商行,6.19,703.0,4.927
601921,浙版传媒,8.12,180.44,4.926
521,长虹美菱,6.72,69.21,4.911
603095,越剑智能,17.85,46.1,4.885
601098,中南传媒,11.26,202.23,4.885
719,中原传媒,12.36,126.47,4.854
605098,行动教育,46.35,55.27,4.854
601107,四川成渝,5.98,182.87,4.849
600067,冠城新材,4.54,63.18,4.846
600755,厦门国贸,6.92,147.92,4.841
603309,维力医疗,14.55,42.47,4.825
88,盐 田 港,4.52,235.02,4.823
603558,健盛集团,11.77,40.33,4.817
603128,华贸物流,6.02,78.8,4.817
600694,大商股份,19.07,65.67,4.814
603517,ST绝味,13.25,80.3,4.808
581,威孚高科,21.42,207.09,4.799
601328,交通银行,6.72,5938.05,4.792
600461,洪城环境,9.7,124.56,4.784
300641,正丹股份,21.21,111.47,4.781
600690,海尔智家,25.89,2427.87,4.77
2233,塔牌集团,9.44,112.55,4.767
2661,克明食品,9.45,31.48,4.762
2507,涪陵榨菜,13.03,150.36,4.758
601009,南京银行,10.43,1289.52,4.756
2035,华帝股份,6.31,53.49,4.754
601390,中国中铁,5.48,1352.8,4.745
601998,中信银行,7.61,4234.6,4.731
601728,中国电信,5.8,5307.41,4.724
2521,齐峰新材,8.5,47.61,4.706
601857,中国石油,10.0,18302.1,4.7
672,上峰水泥,13.44,130.29,4.688
601766,中国中车,6.83,1960.13,4.685
603682,锦和商管,7.06,33.36,4.674
603515,欧普照明,19.32,143.71,4.669
596,古井贡酒,128.6,679.78,4.666
300856,科思股份,13.98,66.5,4.599
603866,桃李面包,5.44,87.02,4.596
301371,敷尔佳,25.2,131.07,4.579
2007,华兰生物,15.31,279.78,4.572
603967,中创物流,13.23,45.86,4.535
603027,千禾味业,10.19,135.85,4.534
600820,隧道股份,6.67,209.71,4.498
600757,长江传媒,9.13,110.81,4.491
429,粤高速Ａ,11.68,244.21,4.478
690,宝新能源,4.48,97.48,4.464
605117,德业股份,85.31,775.36,4.463
603569,长久物流,8.07,48.7,4.461
603689,皖天然气,8.38,44.08,4.451
600612,老凤祥,46.08,241.05,4.449
600660,福耀玻璃,60.73,1584.9,4.446
600351,亚宝药业,6.83,47.26,4.436
708,中信特钢,15.94,804.52,4.435
603589,口子窖,29.44,176.09,4.429
928,中钢国际,6.76,96.98,4.423
605077,华康股份,15.94,48.31,4.423
601006,大秦铁路,4.98,1003.33,4.418
1965,招商公路,9.5,645.53,4.411
2469,三维化学,9.08,58.92,4.405
300193,佳士科技,9.43,44.91,4.401
600096,云天化,36.67,668.49,4.388
603706,东方环宇,20.58,38.97,4.373
1227,兰州银行,2.31,131.57,4.372
600997,开滦股份,5.95,94.47,4.37
600373,中文传媒,9.34,127.72,4.368
601717,中创智领,25.67,458.31,4.363
603566,普莱柯,13.78,47.69,4.354
600926,杭州银行,15.18,1100.4,4.348
828,东莞控股,10.94,113.72,4.342
603071,物产环能,13.87,77.39,4.326
601939,建设银行,8.86,23177.79,4.323
2043,兔 宝 宝,13.98,116.0,4.299
600795,国电电力,4.89,872.16,4.294
600285,羚锐制药,20.98,118.98,4.29
2332,仙琚制药,9.33,92.29,4.287
404,长虹华意,7.0,48.72,4.286
601658,邮储银行,5.08,6100.83,4.272
600035,楚天高速,3.98,64.08,4.271
603096,新经典,18.77,28.95,4.262
600012,皖通高速,14.18,242.28,4.26
600211,西藏药业,44.1,142.14,4.243
301207,华兰疫苗,18.86,113.35,4.242
600027,华电国际,5.01,581.75,4.232
605066,天正电气,8.3,41.89,4.229
301362,民爆光电,44.98,47.08,4.213
600971,恒源煤电,6.41,76.92,4.212
601187,厦门银行,7.13,188.17,4.208
600377,宁沪高速,11.66,587.4,4.202
600970,中材国际,10.79,282.89,4.198
301203,国泰环保,35.85,28.68,4.184
603357,设计总院,8.37,46.92,4.182
2404,嘉欣丝绸,7.18,40.21,4.178
1286,陕西能源,9.83,368.62,4.171
603277,银都股份,16.69,102.43,4.17
600350,山东高速,10.08,487.32,4.167
603317,天味食品,13.2,140.54,4.167
603719,良品铺子,11.96,47.96,4.164
601398,工商银行,7.35,26195.86,4.163
951,中国重汽,17.3,203.25,4.162
3008,开普检测,24.04,25.0,4.16
603588,高能环境,9.69,147.6,4.159
600938,中国海油,30.56,14525.15,4.159
2142,宁波银行,28.88,1907.12,4.155
603995,甬金股份,19.32,70.64,4.141
601988,中国银行,5.33,17173.92,4.128
600916,中国黄金,8.49,142.63,4.122
600863,内蒙华电,4.78,348.88,4.121
603368,柳药集团,18.31,72.73,4.118
600057,厦门象屿,8.43,239.46,4.116
601083,锦江航运,11.89,153.87,4.104
601298,青岛港,8.46,549.15,4.102
603788,宁波高发,17.07,38.08,4.101
603355,莱克电气,36.6,209.86,4.098
603195,公牛集团,41.86,756.79,4.097
897,津滨发展,2.32,37.52,4.095
600817,宇通重工,11.75,62.66,4.094
603816,顾家家居,33.79,277.57,4.087
600662,外服控股,5.88,134.27,4.082
600585,海螺水泥,23.28,1233.68,4.081
2705,新宝股份,14.71,119.43,4.079
601330,绿色动力,7.16,102.43,4.078
301109,军信股份,15.77,124.44,4.077
731,四川美丰,6.77,37.16,4.062
601963,重庆银行,10.25,356.15,4.059
603697,有友食品,13.31,56.93,4.057
603299,苏盐井神,10.95,85.59,4.046
601811,新华文轩,14.85,183.23,4.04
600483,福能股份,9.49,263.84,4.036
601019,山东出版,9.17,191.37,4.035
601369,陕鼓动力,10.66,183.72,4.034
601555,东吴证券,9.3,462.09,4.032
2540,亚太科技,7.45,93.21,4.027
2483,润邦股份,7.48,66.31,4.011
550,江铃汽车,17.97,155.12,4.001
2556,辉隆股份,6.25,59.16,4.0
2056,横店东磁,20.8,338.36,4.0
300529,健帆生物,20.07,160.28,3.986
605028,世茂能源,27.64,44.22,3.98
300864,南大环境,21.18,33.45,3.975
603310,巍华新材,17.62,60.85,3.973
600039,四川路桥,10.33,898.25,3.969
601186,中国铁建,7.6,1032.05,3.947
48,京基智农,18.5,98.1,3.946
601,韶能股份,5.15,54.81,3.942
603529,爱玛科技,30.88,268.39,3.935
600020,中原高速,4.34,97.54,3.917
601318,中国平安,65.85,11923.88,3.916
601318,中国平安,65.85,11923.88,3.916
601318,中国平安,65.85,11923.88,3.916
601318,中国平安,65.85,11923.88,3.916
601318,中国平安,65.85,11923.88,3.916
603230,内蒙新华,12.29,43.45,3.906
2745,木林森,10.5,155.84,3.905
600017,日照港,3.05,93.81,3.902
301056,森赫股份,15.42,41.14,3.891
2833,弘亚数控,18.01,76.4,3.887
2958,青农商行,3.09,171.67,3.883
601033,永兴股份,15.48,139.32,3.876
600741,华域汽车,20.65,651.04,3.874
739,普洛药业,18.28,211.76,3.873
603766,隆鑫通用,15.51,318.5,3.868
603600,永艺股份,11.95,39.49,3.858
603198,迎驾贡酒,38.96,311.68,3.85
600248,陕建股份,3.64,136.13,3.846
2831,裕同科技,27.09,249.37,3.843
600028,中国石化,5.96,7207.16,3.842
1872,招商港口,19.45,482.71,3.835
603391,力聚热能,65.24,59.37,3.832
2003,伟星股份,10.26,121.98,3.83
600295,鄂尔多斯,15.67,438.57,3.829
600519,贵州茅台,1351.06,16918.92,3.828
600519,贵州茅台,1351.06,16918.92,3.828
600519,贵州茅台,1351.06,16918.92,3.828
600519,贵州茅台,1351.06,16918.92,3.828
600519,贵州茅台,1351.06,16918.92,3.828
600210,紫江企业,7.84,118.91,3.827
2283,天润工业,6.54,74.52,3.823
603116,红蜻蜓,6.54,37.68,3.823
2458,益生股份,9.16,101.35,3.821
601665,齐鲁银行,5.47,336.62,3.821
601010,文峰股份,2.75,50.82,3.818
755,山西高速,5.25,77.03,3.81
600998,九州通,5.25,264.73,3.81
603661,恒林股份,33.37,46.41,3.806
603587,地素时尚,13.26,62.86,3.793
605599,菜百股份,19.05,148.17,3.78
300360,炬华科技,18.56,95.43,3.772
2991,甘源食品,62.75,58.49,3.767
2275,桂林三金,14.6,85.79,3.767
605009,豪悦护理,32.49,69.87,3.764
600273,嘉化能源,10.78,146.27,3.757
600018,上港集团,5.19,1208.23,3.757
983,山西焦煤,6.83,387.75,3.748
600861,北京人力,18.65,105.58,3.748
2367,康力电梯,8.01,63.9,3.745
601018,宁波港,3.69,717.87,3.74
600261,阳光照明,3.75,50.06,3.733
2948,青岛银行,4.29,249.69,3.73
543,皖能电力,8.56,194.04,3.727
2060,广东建工,3.76,141.17,3.723
301003,江苏博云,49.22,47.81,3.718
2727,一心堂,13.45,78.76,3.717
2004,华邦健康,5.4,106.92,3.704
601528,瑞丰银行,5.42,106.35,3.69
3012,东鹏控股,6.79,78.56,3.682
2033,丽江股份,9.52,52.31,3.676
2597,金禾实业,22.63,128.61,3.668
600428,中远海特,7.61,208.81,3.666
2416,爱施德,13.64,169.04,3.666
600821,金开新能,5.47,109.25,3.656
848,承德露露,8.49,86.6,3.651
600282,南钢股份,5.59,344.63,3.649
2911,佛燃能源,13.19,171.26,3.639
601860,紫金银行,2.75,100.68,3.636
600809,山西汾酒,166.99,2037.22,3.629
600011,华能国际,7.44,1167.94,3.629
603008,喜临门,22.18,81.69,3.625
603202,天有为,96.41,154.26,3.62
600323,瀚蓝环境,29.03,236.7,3.617
600704,物产中大,5.86,303.03,3.601
600655,豫园股份,5.28,205.52,3.598
900,现代投资,4.17,63.29,3.597
603899,晨光股份,27.9,256.95,3.595
600060,海信视像,24.48,319.46,3.595
603639,海利尔,13.53,47.31,3.592
603611,诺力股份,24.99,64.37,3.589
2538,司尔特,6.72,57.36,3.571
601900,南方传媒,15.46,136.35,3.558
600600,青岛啤酒,61.85,843.75,3.557
600598,北大荒,15.47,275.01,3.555
300481,濮阳惠成,16.98,49.56,3.551
600737,中粮糖业,17.18,367.45,3.551
600900,长江电力,26.58,6503.65,3.548
603062,麦加芯彩,49.62,53.59,3.547
603345,安井食品,89.0,296.63,3.544
2555,三七互娱,28.31,626.28,3.532
601016,节能风电,3.12,200.94,3.526
601288,农业银行,6.96,24358.82,3.52
603369,今世缘,34.22,426.65,3.507
601156,东航物流,19.33,306.87,3.502
603111,康尼机电,7.2,62.07,3.5
300181,佐力药业,17.18,120.5,3.492
600352,浙江龙盛,12.9,419.68,3.488
600000,浦发银行,10.74,3577.05,3.473
600000,浦发银行,10.74,3577.05,3.473
600000,浦发银行,10.74,3577.05,3.473
600000,浦发银行,10.74,3577.05,3.473
600000,浦发银行,10.74,3577.05,3.473
600300,维维股份,3.69,59.67,3.469
683,博源化工,8.67,322.25,3.46
2852,道道全,11.39,39.18,3.459
601158,重庆水务,4.54,217.92,3.458
300896,爱美客,144.6,437.55,3.458
600559,老白干酒,15.91,145.54,3.457
603444,吉比特,465.91,335.65,3.456
600886,国投电力,13.26,1061.4,3.446
600348,华阳股份,8.97,323.59,3.445
603871,嘉友国际,14.12,193.16,3.442
600269,赣粤高速,4.94,115.37,3.441
3000,劲仔食品,11.67,52.62,3.428
603948,建业股份,29.19,47.43,3.426
300908,仲景食品,29.2,42.63,3.425
603658,安图生物,36.82,210.4,3.422
2895,川恒股份,40.48,245.98,3.419
2737,葵花药业,14.63,85.44,3.418
2832,比音勒芬,15.23,86.92,3.414
2170,芭田股份,12.86,124.44,3.414
600050,中国联通,5.08,1588.23,3.406
300244,迪安诊断,26.46,165.37,3.401
989,九芝堂,8.84,75.67,3.394
2415,海康威视,32.6,2987.75,3.39
600064,南京高科,8.85,153.14,3.39
726,鲁  泰Ａ,7.4,60.48,3.378
601163,三角轮胎,15.69,125.52,3.378
600382,广东明珠,8.92,61.94,3.363
600572,康恩贝,4.55,115.34,3.363
300400,劲拓股份,23.3,56.53,3.348
601336,新华保险,79.8,2489.4,3.333
600968,海油发展,4.05,411.69,3.333
603970,中农立华,13.54,36.4,3.323
2677,浙江美大,9.03,58.34,3.322
603233,大参林,19.58,222.99,3.32
600197,伊力特,13.56,64.16,3.319
301365,矩阵股份,26.18,47.12,3.312
600648,外高桥,10.58,143.88,3.308
589,贵州轮胎,5.14,79.91,3.307
600761,安徽合力,21.21,188.92,3.3
601168,西部矿业,30.39,724.19,3.291
601800,中国交建,8.48,1380.09,3.29
600710,苏美达,11.22,146.62,3.289
906,浙商中拓,6.08,43.15,3.289
498,山东路桥,6.24,96.87,3.285
600368,五洲交通,3.99,64.23,3.283
301087,可孚医疗,55.34,115.6,3.254
603043,广州酒家,17.85,101.53,3.249
2774,快意电梯,11.09,37.34,3.246
603281,江瀚新材,30.85,115.17,3.241
2532,天山铝业,18.63,862.33,3.237
601898,中煤能源,13.13,1740.86,3.229
600085,同仁堂,30.99,425.02,3.227
301088,戎美股份,17.7,40.34,3.226
786,北新建材,26.67,453.99,3.221
2533,金杯电工,13.97,102.53,3.221
601058,赛轮轮胎,16.47,541.55,3.218
603889,新澳股份,9.33,68.13,3.215
603112,华翔股份,18.82,101.66,3.209
3013,地铁设计,14.96,61.09,3.209
600982,宁波能源,4.68,52.3,3.205
2690,美亚光电,21.86,192.86,3.202
300498,温氏股份,15.63,1040.01,3.199
601816,京沪高铁,4.91,2402.25,3.198
601699,潞安环能,12.86,384.7,3.188
600989,宝丰能源,21.65,1587.67,3.187
600535,天士力,15.1,225.59,3.179
600332,白云山,25.21,409.86,3.173
600801,华新建材,25.28,525.57,3.165
600583,海油工程,6.35,280.76,3.165
301175,中科环保,6.17,90.81,3.16
603939,益丰药房,22.16,268.67,3.159
300187,永清环保,5.31,34.28,3.145
300453,三鑫医疗,9.58,50.02,3.132
600713,南京医药,5.43,71.07,3.131
300232,洲明科技,7.7,83.73,3.13
513,丽珠集团,35.8,317.87,3.128
338,潍柴动力,22.56,1965.78,3.125
2993,奥海科技,48.06,132.66,3.121
2100,天康生物,7.05,96.25,3.121
603350,安乃达,40.0,46.58,3.12
2318,久立特材,31.41,306.93,3.088
600720,中交设计,7.42,170.26,3.086
603518,锦泓集团,10.09,34.85,3.082
2236,大华股份,20.95,688.58,3.079
301015,百洋医药,24.76,130.14,3.078
600019,宝钢股份,7.21,1570.49,3.065
2615,哈尔斯,8.18,38.14,3.056
603180,金牌家居,20.55,31.7,3.056
2061,浙江交科,4.09,109.38,3.056
300564,筑博设计,16.38,26.42,3.053
2154,报 喜 鸟,3.94,57.5,3.046
300761,立华股份,19.56,163.77,3.037
600888,新疆众和,8.9,124.93,3.034
899,赣能股份,10.88,106.15,3.033
2215,诺 普 信,11.55,116.1,3.03
600587,新华医疗,16.53,100.28,3.025
544,中原环保,8.6,83.82,3.023
601518,吉林高速,2.85,53.88,3.018
300978,东箭科技,13.28,56.13,3.012
2299,圣农发展,16.6,206.36,3.012
2823,凯中精密,17.23,56.58,3.012
603187,海容冷链,16.63,64.26,3.007
603155,新亚强,18.36,57.98,2.996
600639,浦东金桥,10.79,121.11,2.994
601311,骆驼股份,9.71,113.91,2.987
2034,旺能环境,16.77,72.78,2.987
600325,华发股份,4.16,114.49,2.981
603053,成都燃气,10.07,89.51,2.979
603983,丸美生物,33.6,134.74,2.976
301552,科力装备,40.86,38.9,2.971
625,长安汽车,11.62,1151.88,2.969
300306,远方信息,14.59,39.24,2.961
600999,招商证券,16.75,1456.67,2.961
1206,依依股份,28.39,52.49,2.959
603288,海天味业,36.5,2135.92,2.951
300384,三联虹普,17.16,54.74,2.937
2128,电投能源,29.03,650.73,2.928
301598,博科测试,68.39,40.28,2.924
600790,轻纺城,4.11,60.24,2.92
603001,奥康国际,9.25,37.09,2.919
601991,大唐发电,4.01,742.12,2.918
718,苏宁环球,2.4,72.83,2.917
600479,千金药业,10.49,51.63,2.917
300099,尤洛卡,7.86,57.95,2.913
300861,美畅股份,15.95,107.16,2.909
603237,五芳斋,17.3,34.09,2.908
552,甘肃能化,2.34,125.23,2.906
603699,纽威股份,58.91,456.86,2.903
2601,龙佰集团,20.68,493.06,2.901
300146,汤臣倍健,12.49,211.29,2.898
600529,山东药玻,20.71,137.43,2.897
600827,百联股份,9.16,163.43,2.893
300501,海顺新材,16.28,31.51,2.887
601952,苏垦农发,9.36,128.98,2.885
603676,卫信康,11.34,49.35,2.884
2588,史丹利,10.58,121.87,2.883
300833,浩洋股份,45.2,57.17,2.876
2120,韵达股份,6.96,201.78,2.874
2479,富春环保,5.22,45.15,2.874
2116,中国海诚,10.8,50.31,2.87
601801,皖新传媒,6.97,136.47,2.869
2381,双箭股份,6.97,28.69,2.869
537,绿发电力,8.57,177.11,2.859
603998,方盛制药,12.28,53.92,2.85
600867,通化东宝,8.8,172.35,2.841
600420,国药现代,10.57,141.76,2.838
603075,热威股份,24.69,99.37,2.835
600674,川投能源,14.14,689.27,2.829
603057,紫燕食品,29.2,120.75,2.812
603439,三力制药,12.15,49.69,2.807
2758,浙农股份,10.76,55.82,2.807
600329,达仁堂,45.63,351.39,2.805
301303,真兰仪表,16.1,65.82,2.795
501,武商集团,10.75,82.67,2.791
582,北部湾港,9.77,231.52,2.784
789,万年青,5.39,42.98,2.783
2790,瑞尔特,8.63,36.06,2.781
603605,珀莱雅,71.9,284.71,2.769
601827,三峰环境,8.85,147.97,2.768
2984,森麒麟,21.35,221.18,2.763
2930,宏川智慧,10.86,49.68,2.762
600511,国药股份,28.98,218.65,2.761
603648,畅联股份,10.89,39.47,2.755
2152,广电运通,13.46,334.26,2.749
600928,西安银行,3.64,161.78,2.747
300982,苏文电能,21.89,45.3,2.741
403,派林生物,14.06,133.63,2.738
600031,三一重工,22.58,2076.23,2.737
600548,深高速,8.93,226.63,2.732
600874,创业环保,6.23,97.84,2.729
603381,永臻股份,20.53,48.71,2.728
2053,云南能投,12.1,111.41,2.727
301299,卓创资讯,62.5,37.74,2.72
600167,联美控股,7.36,166.55,2.717
2623,亚玛顿,18.41,36.65,2.716
603607,京华激光,25.82,46.09,2.711
2811,郑中设计,16.67,51.34,2.699
601619,嘉泽新能,5.34,155.54,2.697
1219,青岛食品,14.86,28.97,2.692
601992,金隅集团,1.86,198.61,2.688
600983,惠而浦,10.81,82.85,2.683
300349,金卡智能,18.73,78.14,2.675
1368,通达创智,28.08,31.97,2.671
2081,金 螳 螂,3.75,99.57,2.667
600480,凌云股份,12.42,151.81,2.665
603055,台华新材,9.39,83.6,2.662
661,长春高新,97.69,398.51,2.661
30,富奥股份,5.66,97.34,2.65
603170,宝立食品,14.76,59.04,2.642
600033,福建高速,3.79,104.01,2.639
603882,金域医学,33.37,154.59,2.637
300533,冰川网络,37.93,88.93,2.636
600731,湖南海利,7.59,42.41,2.635
600219,南山铝业,6.53,749.89,2.634
603908,牧高笛,24.76,23.06,2.633
2658,雪迪龙,9.5,60.4,2.632
300307,慈星股份,7.54,60.36,2.626
600283,钱江水利,9.52,53.39,2.626
90,天健集团,3.81,71.19,2.625
600925,苏能股份,4.65,320.33,2.624
411,英特集团,13.72,76.25,2.624
2206,海 利 得,6.87,79.84,2.62
600216,浙江医药,14.14,135.98,2.617
1378,德冠新材,24.86,33.15,2.615
600048,保利发展,6.5,778.08,2.615
301077,星华新材,32.4,55.11,2.614
605259,绿田机械,23.0,39.67,2.609
600026,中远海能,14.42,788.08,2.601
603132,金徽股份,16.15,157.95,2.601
600956,新天绿能,7.54,340.26,2.599
603456,九洲药业,19.32,171.84,2.598
791,甘肃能源,6.94,225.12,2.594
600976,健民集团,34.69,53.21,2.594
300881,盛德鑫泰,38.61,42.47,2.59
300470,中密控股,38.69,80.46,2.587
2345,潮宏基,13.54,120.3,2.585
3011,海象新材,23.24,23.86,2.582
967,盈峰环境,7.33,232.14,2.578
600,建投能源,8.92,160.85,2.578
600079,ST人福,18.24,297.72,2.577
605369,拱东医疗,19.42,42.82,2.575
603298,杭叉集团,27.21,356.4,2.573
601216,君正集团,5.83,491.94,2.573
2132,恒星科技,3.89,54.52,2.571
2887,绿茵生态,9.73,29.77,2.569
933,神火股份,31.15,700.56,2.568
2282,博深股份,7.79,41.04,2.567
2454,松芝股份,9.75,61.29,2.564
598,兴蓉环境,7.3,217.83,2.562
600845,宝信软件,23.54,675.78,2.562
2736,国信证券,12.81,1311.97,2.56
2216,三全食品,11.72,103.04,2.56
601038,一拖股份,14.39,161.69,2.557
2001,新 和 成,27.49,844.88,2.546
2594,比亚迪,94.1,8579.28,2.545
601065,江盐集团,8.65,55.6,2.543
603218,日月股份,13.8,142.19,2.536
600062,华润双鹤,18.59,193.11,2.534
2078,太阳纸业,15.8,441.54,2.532
2986,宇新股份,12.11,46.03,2.527
603586,金麒麟,19.8,38.82,2.525
885,城发环境,14.11,90.6,2.523
605050,福然德,13.89,68.45,2.52
2376,新北洋,7.96,64.52,2.513
2311,海大集团,51.74,860.82,2.513
603919,金徽酒,19.97,101.3,2.504
603730,岱美股份,10.75,230.97,2.502
603235,天新药业,27.2,119.08,2.5
2543,万和电气,10.43,77.56,2.493
600123,兰花科创,6.02,88.69,2.492
600779,水井坊,38.93,189.78,2.492
301339,通行宝,15.22,88.33,2.49
795,英洛华,10.53,119.38,2.488
605338,巴比食品,32.3,77.38,2.477
2500,山西证券,6.06,217.54,2.475
603182,嘉华股份,16.16,26.59,2.475
603380,易德龙,40.44,64.88,2.473
2101,广东鸿图,12.67,84.18,2.47
650,仁和药业,6.08,85.12,2.467
603115,海星股份,24.05,58.17,2.466
601601,中国太保,43.9,4223.33,2.46
601326,秦港股份,3.46,193.32,2.457
623,吉林敖东,20.39,243.84,2.452
1233,海安集团,81.7,151.94,2.448
3816,中国广核,3.88,1959.35,2.448
1308,康冠科技,22.03,154.97,2.447
301019,宁波色母,24.97,41.19,2.447
603017,中衡设计,12.27,33.89,2.445
605001,威奥股份,8.19,32.18,2.442
963,华东医药,38.11,668.46,2.44
300009,安科生物,10.25,171.31,2.439
987,越秀资本,10.66,534.83,2.439
601568,北元集团,4.1,162.86,2.439
301301,川宁生物,11.07,246.87,2.439
888,峨眉山Ａ,13.55,71.4,2.435
601566,九牧王,12.32,70.8,2.435
301559,中集环科,18.08,108.48,2.434
603511,爱慕股份,16.52,66.75,2.433
2978,安宁股份,38.18,180.21,2.423
2972,科安达,12.39,30.48,2.421
301503,智迪科技,39.27,31.42,2.419
2346,柘中股份,20.7,91.41,2.415
2648,卫星化学,20.7,697.31,2.415
601199,江南水务,5.81,54.34,2.41
2258,利尔化学,16.6,132.87,2.41
603307,扬州金泉,41.42,28.2,2.407
26,飞亚达,16.64,67.52,2.404
2803,吉宏股份,19.51,87.87,2.404
600141,兴发集团,41.66,459.62,2.4
300532,今天国际,12.5,56.75,2.4
300795,米奥会展,14.04,41.96,2.4
301081,严牌股份,12.05,27.38,2.398
910,大亚圣象,7.93,43.41,2.396
3006,百亚股份,22.96,98.65,2.395
600613,神奇制药,6.27,33.49,2.392
301262,海看股份,26.01,108.46,2.384
603877,太平鸟,16.86,79.42,2.384
603312,西典新能,49.68,79.49,2.379
600508,上海能源,12.22,88.32,2.373
600422,昆药集团,12.65,95.76,2.372
300760,迈瑞医疗,195.3,2367.9,2.371
729,燕京啤酒,12.23,344.71,2.371
1338,永顺泰,12.68,63.62,2.366
600826,兰生股份,11.85,87.16,2.363
605056,咸亨国际,18.64,76.48,2.361
600872,中炬高新,17.8,138.57,2.36
601607,上海医药,17.37,644.14,2.36
2970,锐明技术,58.68,106.0,2.359
2287,奇正藏药,24.3,139.02,2.358
601139,深圳燃气,6.79,195.33,2.356
600558,大西洋,6.39,57.36,2.347
300388,节能国祯,8.31,56.59,2.347
300625,三雄极光,12.79,35.73,2.346
603227,雪峰科技,8.54,91.52,2.342
300144,宋城演艺,8.54,224.15,2.342
2968,新大正,14.31,32.38,2.341
630,铜陵有色,6.21,832.73,2.335
301300,远翔新材,47.06,30.54,2.333
591,太阳能,5.11,200.54,2.329
600488,津药药业,4.22,46.08,2.322
605090,九丰能源,49.43,348.0,2.322
300743,天地数码,21.57,32.62,2.318
528,柳    工,11.74,239.02,2.308
300994,久祺股份,17.34,40.42,2.307
603858,步长制药,16.97,178.96,2.298
600854,春兰股份,5.24,27.22,2.29
601918,新集能源,6.99,181.08,2.289
300832,新产业,56.81,446.37,2.288
603100,川仪股份,25.14,129.01,2.287
300880,迦南智能,19.69,38.42,2.285
2352,顺丰控股,39.5,1990.58,2.284
603049,中策橡胶,56.99,498.37,2.281
601333,广深铁路,3.07,217.46,2.28
2980,华盛昌,22.92,43.41,2.273
2616,长青集团,5.72,49.15,2.273
419,通程控股,6.6,35.88,2.273
600406,国电南瑞,25.64,2059.34,2.27
600469,风神股份,7.05,51.43,2.27
601688,华泰证券,22.93,2069.86,2.268
600232,金鹰股份,8.82,32.17,2.268
2967,广电计量,24.29,141.64,2.264
707,双环科技,6.37,37.25,2.261
2478,常宝股份,9.73,87.65,2.261
603080,新疆火炬,24.83,35.13,2.255
2809,红墙股份,13.31,28.17,2.254
300577,开润股份,21.87,52.45,2.254
301179,泽宇智能,17.7,71.58,2.249
605507,国邦医药,26.96,150.66,2.248
2083,孚日股份,12.22,115.68,2.242
301277,新天地,12.76,50.03,2.241
603201,常润股份,17.82,33.85,2.239
563,陕国投Ａ,3.58,183.08,2.235
600425,青松建化,4.48,71.89,2.232
2010,传化智联,6.77,187.12,2.23
2158,汉钟精机,26.01,139.08,2.23
600717,天津港,4.67,135.15,2.227
62,深圳华强,26.09,272.88,2.223
601022,宁波远洋,9.63,126.02,2.222
156,华数传媒,8.1,150.09,2.222
600527,江南高纤,2.25,38.96,2.222
603416,信捷电气,65.74,103.3,2.221
300017,网宿科技,11.21,275.7,2.221
603367,辰欣药业,18.45,83.53,2.211
600475,华光环能,20.36,194.63,2.21
600993,马应龙,28.07,121.0,2.209
2959,小熊电器,45.18,71.06,2.209
601377,兴业证券,6.81,588.11,2.203
2117,东港股份,11.84,62.01,2.196
2179,中航光电,36.45,772.11,2.195
300272,开能健康,7.68,46.96,2.188
603035,常熟汽饰,16.42,60.15,2.186
2315,焦点科技,52.93,167.91,2.173
301156,美农生物,19.37,27.27,2.168
27,深圳能源,6.94,330.16,2.161
603214,爱婴室,17.72,24.55,2.161
1216,华瓷股份,18.51,46.62,2.161
603599,广信股份,12.5,113.78,2.16
601211,国泰海通,19.91,3509.92,2.16
2443,金洲管道,9.26,48.2,2.16
600578,京能电力,5.56,372.22,2.158
600125,铁龙物流,6.49,84.73,2.157
2788,鹭燕医药,16.24,63.1,2.155
1207,联科科技,26.92,58.29,2.155
603466,风语筑,9.29,55.26,2.153
776,广发证券,22.57,1766.07,2.153
2949,华阳国际,16.27,31.9,2.151
603197,保隆科技,38.68,82.64,2.151
603194,中力股份,40.93,164.13,2.15
300015,爱尔眼科,11.2,1044.44,2.143
603579,荣泰健康,26.65,54.19,2.139
19,深粮控股,7.04,81.14,2.131
728,国元证券,8.45,368.74,2.13
300653,正海生物,21.62,38.92,2.128
601021,春秋航空,58.8,575.26,2.126
401,金隅冀东,4.71,125.2,2.123
2925,盈趣科技,20.4,157.42,2.123
700,模塑科技,15.41,141.47,2.122
301276,嘉曼服饰,28.34,36.73,2.117
603811,诚意药业,11.81,38.65,2.117
601117,中国化学,8.79,536.78,2.116
603733,仙鹤股份,23.58,166.88,2.116
600284,浦东建设,8.52,82.67,2.113
600958,东方证券,10.42,885.35,2.111
601669,中国电建,6.04,1040.46,2.103
603087,甘李药业,71.78,428.75,2.102
300911,亿田智能,36.11,66.2,2.102
600814,杭州解百,8.47,62.26,2.102
300259,新天科技,4.76,55.68,2.101
603088,宁波精达,12.05,60.54,2.1
300898,熊猫乳品,28.59,35.45,2.099
603383,顶点软件,38.11,78.27,2.099
601319,中国人保,9.17,4055.34,2.094
600025,华能水电,9.22,1717.79,2.093
301043,绿岛风,69.82,47.48,2.091
2302,西部建设,5.98,75.49,2.09
538,云南白药,56.7,1011.68,2.09
1289,龙源电力,15.7,1312.49,2.089
601881,中国银河,15.37,1680.62,2.088
601633,长城汽车,21.6,1848.5,2.083
301113,雅艺科技,25.84,23.51,2.082
600724,宁波富达,6.73,97.26,2.08
600063,皖维高新,6.78,140.29,2.08
300514,友讯达,14.46,28.92,2.075
603321,梅轮电梯,8.48,29.59,2.075
600233,圆通速递,17.5,598.95,2.074
603387,基蛋生物,8.68,44.02,2.074
300845,捷安高科,11.97,24.62,2.072
1914,招商积余,11.68,123.07,2.072
923,河钢资源,24.15,157.63,2.07
300729,乐歌股份,14.5,49.53,2.069
600389,江山股份,26.64,114.73,2.065
600236,桂冠电力,8.24,649.51,2.063
301290,东星医疗,29.09,29.14,2.063
300039,上海凯宝,6.31,66.0,2.06
300154,瑞凌股份,9.71,43.65,2.06
554,泰山石油,7.1,34.14,2.056
605258,协和电子,34.11,30.02,2.052
600170,上海建工,2.93,260.36,2.048
601958,金钼股份,19.55,630.8,2.046
601872,招商轮船,11.05,892.24,2.045
655,金岭矿业,10.3,61.32,2.039
301376,致欧科技,19.68,79.21,2.033
300910,瑞丰新材,59.15,175.05,2.029
601985,中国核电,8.87,1824.38,2.029
300866,安克创新,107.85,578.25,2.028
301219,腾远钴业,74.0,218.09,2.027
600054,XD黄山旅,11.94,87.09,2.027
2399,海普瑞,12.36,181.36,2.023
301023,奕帆传动,55.92,43.71,2.021
2592,ST八菱,9.9,28.05,2.02
600258,首旅酒店,17.83,199.09,2.019
2701,奥瑞金,5.95,152.31,2.017
600346,恒力石化,26.3,1851.28,2.015
1228,永泰运,29.91,31.07,2.006
600176,中国巨石,20.44,818.24,2.006
605319,无锡振华,23.9,83.67,2.004
301187,欧圣电气,26.82,68.37,2.002
1218,丽臣实业,25.5,33.2,2.0
883,湖北能源,4.6,325.65,2.0
601137,博威合金,22.96,203.17,1.999
1979,招商蛇口,9.76,879.96,1.998
600267,海正药业,10.52,126.12,1.996
603105,芯能科技,10.02,50.1,1.996
600597,光明乳业,8.02,110.55,1.995
531,穗恒运Ａ,7.02,73.11,1.994
2632,道明光学,13.05,81.51,1.992
605499,东鹏饮料,251.09,1305.7,1.991
601188,龙江交通,3.62,47.26,1.989
2108,沧州明珠,5.09,83.91,1.984
2626,金达威,20.17,123.02,1.983
300791,仙乐健康,25.26,77.71,1.983
2351,漫步者,12.61,112.12,1.983
301373,凌玮科技,35.32,38.31,1.982
2772,众兴菌业,15.17,59.65,1.978
300705,九典制药,15.7,78.55,1.975
301587,中瑞股份,24.59,36.23,1.972
600415,小商品城,16.75,918.5,1.97
529,广弘控股,6.09,35.55,1.97
600637,东方明珠,11.7,393.34,1.966
300632,光莆股份,15.27,46.6,1.965
2249,大洋电机,11.62,286.14,1.962
1213,中铁特货,4.14,184.0,1.957
601108,财通证券,8.71,404.47,1.952
2328,新朋股份,7.28,56.18,1.951
2422,科伦药业,32.25,515.37,1.95
603136,天目湖,12.06,32.58,1.949
997,新 大 陆,28.73,291.06,1.949
2223,鱼跃医疗,41.1,412.02,1.946
300389,艾比森,17.99,66.4,1.946
600623,华谊集团,9.27,196.79,1.942
869,张  裕Ａ,21.06,138.41,1.942
301551,无线传媒,34.8,139.2,1.94
600436,片仔癀,166.08,1001.99,1.939
603107,上海汽配,15.52,52.35,1.933
600909,华安证券,7.25,339.19,1.931
301665,泰禾股份,31.08,139.86,1.931
2847,盐津铺子,72.54,197.82,1.93
301115,联检科技,18.32,33.62,1.927
601579,会稽山,20.76,99.54,1.927
300452,山河药辅,15.58,36.53,1.926
601600,中国铝业,13.4,2298.85,1.925
603927,中科软,20.27,168.45,1.924
2961,瑞达期货,24.83,118.02,1.921
300888,稳健医疗,36.45,212.26,1.92
605162,新中港,9.38,37.57,1.919
2612,朗姿股份,20.88,92.38,1.916
301283,聚胶股份,62.53,50.29,1.914
300396,迪瑞医疗,13.6,37.09,1.912
2020,京新药业,18.35,158.0,1.907
603680,今创集团,15.75,123.44,1.905
600906,财达证券,6.83,221.63,1.903
603213,镇洋发展,13.72,60.64,1.902
605007,五洲特纸,13.24,62.99,1.896
605058,澳弘电子,31.74,45.36,1.89
2706,良信股份,11.65,130.84,1.888
601877,正泰电器,31.78,682.94,1.888
300482,万孚生物,21.77,101.9,1.888
300823,建科智能,17.28,22.63,1.887
541,佛山照明,6.36,97.68,1.887
597,东北制药,5.31,75.78,1.883
2605,姚记科技,26.46,110.52,1.882
601002,晋亿实业,5.32,50.78,1.88
2442,龙星科技,6.4,32.21,1.875
1326,联域股份,51.3,37.55,1.871
603619,中曼石油,26.73,123.58,1.871
301439,泓淋电力,16.06,62.49,1.868
2835,同为股份,17.17,37.69,1.864
600369,西南证券,4.56,303.02,1.864
300519,新光药业,16.1,25.76,1.863
600030,中信证券,27.94,4140.86,1.861
601236,红塔证券,8.23,388.19,1.859
601990,南京证券,8.02,352.85,1.858
600897,厦门空港,17.24,71.88,1.856
301386,未来电器,26.97,37.76,1.854
2270,华明装备,33.44,299.7,1.854
301397,溯联股份,33.22,51.71,1.854
601126,四方股份,38.85,323.69,1.853
603758,秦安股份,16.21,71.13,1.851
600361,创新新材,4.76,178.79,1.849
686,东北证券,9.21,215.56,1.846
300562,乐心医疗,15.13,33.08,1.844
3017,大洋生物,32.56,27.35,1.843
603711,香飘飘,13.61,56.19,1.837
2938,鹏鼎控股,54.5,1263.34,1.835
2734,利民股份,18.38,87.46,1.834
39,中集集团,9.62,518.76,1.83
600754,锦江酒店,27.44,292.59,1.826
1328,登康口腔,41.08,70.73,1.826
601618,中国中冶,3.07,636.22,1.824
300415,伊之密,27.43,128.53,1.823
300196,长海股份,16.49,67.4,1.819
601089,福元医药,27.52,132.1,1.817
605336,帅丰电器,17.89,32.81,1.817
3020,立方制药,27.65,52.59,1.816
2773,康弘药业,33.05,304.5,1.815
2697,红旗连锁,6.34,86.22,1.814
603797,联泰环保,5.02,28.95,1.813
2390,信邦制药,3.31,64.34,1.813
605589,圣泉集团,30.37,257.05,1.811
603708,家家悦,13.28,84.77,1.807
300130,新国都,27.67,156.97,1.807
600663,陆家嘴,8.31,418.42,1.805
603025,大豪科技,19.29,215.4,1.804
301195,北路智控,36.06,47.62,1.803
600458,时代新材,14.48,134.77,1.802
830,鲁西化工,19.48,370.96,1.802
1234,泰慕士,27.77,30.38,1.801
300673,佩蒂股份,19.46,48.42,1.799
300303,聚飞光电,7.19,101.87,1.794
902,新洋丰,16.74,210.04,1.792
600120,浙江东方,6.64,226.78,1.792
600794,保税科技,3.92,47.05,1.786
301331,恩威医药,29.7,30.56,1.785
605169,洪通燃气,14.04,39.72,1.781
301119,正强股份,57.27,59.56,1.781
1358,兴欣新材,28.12,34.64,1.778
600477,杭萧钢构,3.43,81.26,1.778
2871,伟隆股份,19.98,50.32,1.777
603966,法兰泰克,12.95,51.63,1.776
600526,菲达环保,5.63,50.03,1.776
605268,王力安防,11.27,50.3,1.775
600388,龙净环保,15.79,200.54,1.773
600362,江西铜业,62.19,2153.47,1.769
1230,劲旅环境,24.21,32.5,1.768
2757,南兴股份,19.81,58.53,1.767
2461,珠江啤酒,9.62,212.92,1.767
600251,冠农股份,10.19,79.18,1.766
301298,东利机械,17.0,24.96,1.765
603060,国检集团,6.47,52.02,1.762
2073,软控股份,8.52,86.88,1.761
2406,远东传动,8.53,62.29,1.758
600433,冠豪高新,3.42,59.86,1.754
603121,华培动力,21.68,73.39,1.753
301223,中荣股份,20.0,38.63,1.75
603568,伟明环保,27.33,467.38,1.749
600497,驰宏锌锗,9.22,464.72,1.746
600163,中闽能源,5.91,112.47,1.743
605158,华达新材,8.61,44.03,1.742
2301,齐心集团,8.04,57.99,1.741
603337,杰克科技,46.44,221.25,1.74
2753,永东股份,7.53,32.28,1.74
2999,天禾股份,7.13,24.78,1.739
600563,法拉电子,115.59,260.08,1.73
300595,欧普康视,16.19,144.95,1.729
600496,精工钢构,4.63,92.14,1.728
601965,中国汽研,19.68,197.4,1.728
783,长江证券,8.68,480.01,1.728
603327,福蓉科技,11.0,111.3,1.727
300664,鹏鹞环保,5.79,43.79,1.727
300590,移为通信,12.76,58.69,1.724
301060,兰卫医学,11.61,46.5,1.723
2937,兴瑞科技,23.28,69.32,1.718
300824,北鼎股份,11.93,38.93,1.718
301322,绿通科技,29.68,41.93,1.718
603373,安邦护卫,40.79,43.86,1.716
603328,依顿电子,11.55,115.32,1.714
601882,海天精工,21.02,109.72,1.713
300981,中红医疗,13.26,56.87,1.712
601966,玲珑轮胎,15.14,221.57,1.711
301359,东南电子,20.88,25.09,1.71
300573,兴齐眼药,82.72,203.85,1.702
300160,秀强股份,5.88,45.45,1.701
603305,旭升集团,18.42,212.88,1.699
89,深圳机场,7.09,145.4,1.693
301429,森泰股份,20.55,24.29,1.693
603567,珍宝岛,8.87,83.47,1.691
603976,正川股份,20.46,30.94,1.691
603193,润本股份,25.45,102.97,1.69
2375,亚厦股份,4.15,55.61,1.687
2983,芯瑞达,23.74,53.1,1.685
2939,长城证券,9.97,402.23,1.685
605305,中际联合,48.74,103.58,1.682
603637,镇海股份,11.9,28.4,1.681
603556,海兴电力,41.64,202.48,1.681
603806,福斯特,15.49,404.09,1.679
2946,新乳业,19.08,164.22,1.677
2203,海亮股份,15.33,351.33,1.676
605168,三人行,43.0,90.65,1.674
603338,浙江鼎力,59.74,302.49,1.674
600299,安迪苏,9.38,288.88,1.674
756,新华制药,16.25,113.21,1.674
600061,国投资本,7.59,485.3,1.673
300140,节能环境,7.18,222.51,1.671
2111,威海广泰,10.77,57.3,1.671
603339,四方科技,14.12,43.69,1.671
600380,健康元,11.97,218.99,1.671
2541,鸿路钢构,21.56,148.77,1.67
301327,华宝新能,61.44,107.14,1.67
2802,洪汇新材,13.2,24.06,1.667
932,华菱钢铁,6.0,414.52,1.667
2440,闰土股份,9.01,101.27,1.665
300828,锐新科技,18.02,29.99,1.665
600335,国机汽车,6.62,99.02,1.662
2096,易普力,13.84,171.68,1.662
600371,万向德农,9.03,26.42,1.661
3023,彩虹集团,24.08,25.37,1.661
600833,第一医药,13.25,29.56,1.66
3018,金富科技,18.1,47.06,1.657
2140,东华科技,12.09,85.6,1.654
2603,以岭药业,18.16,303.4,1.652
605500,森林包装,9.08,37.63,1.652
601360,三六零,12.13,849.05,1.649
600848,上海临港,12.13,305.98,1.649
301291,明阳电气,48.11,150.2,1.642
300873,海晨股份,24.38,56.22,1.641
2408,齐翔腾达,5.49,156.07,1.639
603020,爱普股份,10.98,42.08,1.639
301107,瑜欣电子,30.74,31.48,1.633
425,徐工机械,11.03,1296.35,1.632
300923,研奥股份,27.58,21.68,1.632
301016,雷尔伟,26.31,57.46,1.631
300897,山科智能,26.38,36.99,1.63
301267,华厦眼科,19.04,159.94,1.628
300335,迪森股份,6.15,29.34,1.626
301600,慧翰股份,134.38,140.46,1.621
2841,视源股份,41.95,291.98,1.621
300003,乐普医疗,18.77,346.01,1.62
300951,博硕科技,37.04,62.75,1.62
2107,沃华医药,7.41,42.77,1.619
966,长源电力,4.45,154.91,1.618
600905,三峡能源,4.15,1186.39,1.614
600633,浙数文化,14.92,189.2,1.609
603987,康德莱,9.32,40.71,1.609
300788,中信出版,29.75,56.57,1.607
300488,恒锋工具,34.48,59.7,1.607
603076,乐惠国际,24.91,30.07,1.606
605118,力鼎光电,38.03,156.18,1.604
600133,东湖高新,10.29,109.72,1.603
603269,海鸥股份,13.37,41.28,1.601
300610,晨化股份,12.51,26.9,1.599
2057,中钢天源,10.88,82.02,1.599
603757,大元泵业,42.39,79.08,1.597
603856,东宏股份,13.6,38.36,1.596
600009,上海机场,31.96,795.26,1.596
300233,金城医药,15.67,60.15,1.595
300869,康泰医学,15.68,63.0,1.594
300907,康平科技,31.4,30.14,1.592
2666,德联集团,5.72,45.07,1.591
603102,百合股份,47.18,30.2,1.59
301029,怡合达,28.31,179.54,1.59
600449,宁夏建材,13.22,63.22,1.589
2662,峰璟股份,4.53,67.95,1.589
603199,九华旅游,42.79,47.36,1.589
603727,博迈科,15.77,44.43,1.585
2159,三特索道,15.78,27.98,1.584
166,申万宏源,5.12,1282.05,1.582
2688,金河生物,6.32,48.77,1.582
2019,亿帆医药,12.66,153.99,1.58
301177,迪阿股份,31.66,126.73,1.579
601866,中远海发,2.6,343.14,1.577
601138,工业富联,61.56,12224.71,1.576
2393,力生制药,22.22,57.24,1.575
1225,和泰机电,76.7,50.52,1.565
600522,中天科技,19.2,655.29,1.563
603291,联合水务,11.84,50.11,1.563
850,华茂股份,6.4,60.39,1.563
603203,快克智能,40.83,103.57,1.563
301345,涛涛车业,223.91,244.17,1.562
301151,冠龙节能,19.98,33.77,1.562
301272,英华特,43.53,25.47,1.562
63,中兴通讯,39.52,1890.45,1.561
605365,立达信,26.9,135.04,1.561
600785,新华百货,22.44,50.63,1.56
12,南  玻Ａ,4.49,137.87,1.559
2296,辉煌科技,12.85,50.06,1.556
603048,浙江黎明,22.5,33.05,1.556
601615,明阳智能,19.68,445.06,1.55
600929,雪天盐业,5.62,92.17,1.548
920,沃顿科技,13.37,63.19,1.548
300750,宁德时代,349.81,15964.64,1.543
601868,中国能建,2.53,1054.79,1.542
603385,惠达卫浴,7.14,27.18,1.541
605299,舒华体育,13.04,53.36,1.541
1322,箭牌家居,8.65,83.66,1.538
603332,苏州龙杰,14.33,31.0,1.535
601808,中海油服,15.08,719.56,1.532
300194,福安药业,4.57,54.37,1.532
153,丰原药业,6.55,30.44,1.527
603082,北自科技,38.0,61.65,1.526
601901,方正证券,7.87,647.87,1.525
603400,华之杰,59.0,59.0,1.525
2138,顺络电子,39.37,317.45,1.524
600051,宁波联合,7.88,24.5,1.523
2836,新宏泽,16.42,37.83,1.523
807,云铝股份,32.86,1139.57,1.522
301332,德尔玛,9.89,45.65,1.517
2982,湘佳股份,14.12,28.69,1.516
603013,亚普股份,26.39,135.27,1.516
300219,鸿利智汇,7.61,53.87,1.511
2900,哈三联,13.24,41.89,1.511
300973,立高食品,46.34,78.47,1.511
300203,聚光科技,16.56,74.31,1.51
301181,标榜股份,46.42,53.63,1.508
600004,白云机场,9.55,246.13,1.508
600312,平高电气,22.5,305.31,1.507
300960,通业科技,25.94,37.47,1.507
2539,云图控股,13.27,160.26,1.507
2752,昇兴股份,6.64,64.87,1.506
603231,索宝蛋白,19.94,38.18,1.505
605088,冠盛股份,36.53,74.06,1.503
300121,阳谷华泰,14.11,62.82,1.502
603158,腾龙股份,10.69,52.46,1.497
600161,天坛生物,16.7,330.22,1.497
600521,华海药业,16.72,250.34,1.495
605378,野马电池,23.9,62.46,1.494
603726,朗迪集团,26.8,49.75,1.493
600309,万华化学,84.08,2632.1,1.491
603073,彩蝶实业,20.12,23.34,1.491
2064,华峰化学,13.42,665.97,1.49
300815,玉禾田,25.21,100.49,1.488
300296,利亚德,6.72,182.24,1.488
2756,永兴材料,53.78,289.93,1.488
603238,诺邦股份,20.17,35.8,1.487
601222,林洋能源,5.92,121.96,1.486
2262,恩华药业,24.26,246.43,1.484
400,许继电气,31.82,324.13,1.48
600426,华鲁恒升,37.22,790.26,1.478
2550,千红制药,8.13,104.05,1.476
603920,世运电路,60.99,439.49,1.476
301036,双乐股份,33.92,33.92,1.474
300286,安科瑞,27.23,68.29,1.473
601880,辽港股份,1.63,384.22,1.472
301329,信音电子,25.47,43.35,1.472
300773,拉卡拉,27.6,214.36,1.471
600223,福瑞达,7.49,76.14,1.469
3003,天元股份,13.64,24.1,1.466
600875,东方电气,26.97,932.72,1.465
2960,青鸟消防,11.33,99.18,1.465
3019,宸展光电,34.05,60.19,1.465
301287,康力源,46.45,30.97,1.464
300119,瑞普生物,20.57,95.6,1.463
1229,魅视科技,40.21,41.2,1.457
28,国药一致,25.12,139.81,1.457
301185,鸥玛软件,20.6,31.6,1.456
2810,山东赫达,17.2,59.94,1.453
600618,氯碱化工,14.48,167.45,1.45
603016,新宏泰,32.63,48.34,1.45
300218,安利股份,17.27,37.47,1.448
1313,粤海饲料,7.82,54.74,1.445
600917,重庆燃气,5.68,88.67,1.444
600183,生益科技,69.23,1681.68,1.444
2051,中工国际,8.69,107.53,1.438
3028,振邦智能,34.49,49.91,1.438
601628,中国人寿,47.92,13544.45,1.436
603351,威尔药业,27.88,37.76,1.435
600850,电科数字,28.79,195.83,1.435
600320,振华重工,5.23,275.53,1.434
2956,西麦食品,29.18,65.14,1.432
603153,上海建科,17.81,73.0,1.432
301138,华研精机,41.91,50.29,1.432
301280,珠城科技,59.89,81.92,1.431
300381,溢多利,6.99,34.33,1.431
600835,上海机电,29.37,300.38,1.43
300851,交大思诺,30.06,26.13,1.43
301278,快可电子,35.8,32.12,1.427
601949,中国出版,7.15,136.13,1.427
603700,宁水集团,14.19,28.37,1.424
1333,光华股份,25.3,32.38,1.423
603883,老百姓,15.46,117.32,1.423
601702,华峰铝业,21.1,210.69,1.422
603787,新日股份,14.07,32.38,1.421
600846,同济科技,14.07,87.9,1.421
603737,三棵树,51.5,379.98,1.416
2242,九阳股份,10.67,81.41,1.415
600933,爱柯迪,20.28,208.91,1.415
300092,科新机电,16.83,46.1,1.414
605555,德昌股份,19.02,92.07,1.414
2906,华阳集团,33.96,178.26,1.413
300515,三德科技,21.24,43.7,1.412
603215,比依股份,21.39,40.2,1.407
2457,青龙管业,11.37,37.92,1.407
603325,博隆技术,87.08,69.67,1.407
301186,超达装备,53.13,42.71,1.406
1395,亚联机械,44.18,38.54,1.403
301317,鑫磊股份,42.76,67.21,1.403
301633,港迪技术,71.39,39.75,1.401
301310,鑫宏业,42.82,58.47,1.399
605099,共创草坪,45.67,183.84,1.399
3041,真爱美家,57.22,82.4,1.398
1296,长江材料,28.66,42.87,1.396
300957,贝泰妮,42.98,182.06,1.396
2698,博实股份,17.91,183.14,1.396
603768,常青股份,12.04,28.65,1.395
301202,朗威股份,43.0,58.65,1.395
301581,黄山谷捷,50.23,40.18,1.394
603348,文灿股份,21.32,67.05,1.393
2942,新农股份,21.55,33.59,1.392
1311,多利科技,36.99,114.86,1.392
2635,安洁科技,14.38,94.86,1.391
301606,绿联科技,64.7,268.45,1.391
1316,润贝航科,43.8,50.42,1.39
601878,浙商证券,10.83,495.34,1.385
600328,中盐化工,8.96,131.38,1.384
605183,确成股份,21.68,90.16,1.384
600452,涪陵电力,10.13,155.65,1.382
600758,辽宁能源,3.77,49.84,1.379
603129,春风动力,279.46,426.39,1.378
603527,众源新材,11.61,36.8,1.378
603867,新化股份,28.97,63.01,1.377
603590,康辰药业,43.63,69.38,1.377
1332,锡装股份,58.0,64.08,1.376
2913,奥士康,43.81,139.04,1.376
600727,鲁北化工,7.28,38.48,1.374
601789,宁波建工,5.17,78.81,1.373
605296,神农集团,28.4,149.03,1.373
301158,德石股份,24.03,36.13,1.373
600805,悦达投资,5.83,49.61,1.372
823,超声电子,14.59,78.35,1.371
2133,广宇集团,3.65,28.26,1.37
603929,亚翔集成,146.25,312.04,1.368
601888,中国中免,95.09,1967.28,1.367
603520,司太立,11.02,48.31,1.361
2926,华西证券,9.19,241.24,1.36
300841,康华生物,75.21,97.73,1.36
2568,百润股份,22.06,231.31,1.36
301196,唯科科技,80.84,101.3,1.358
300109,新开源,18.33,89.09,1.358
300105,龙源技术,7.38,38.07,1.355
301211,亨迪药业,12.69,52.99,1.355
600499,科达制造,14.78,283.46,1.353
2423,中粮资本,11.68,269.12,1.353
300294,博雅生物,22.95,115.73,1.351
600517,国网英大,6.89,394.0,1.35
2398,垒知集团,5.93,41.39,1.349
603677,奇精机械,18.55,35.73,1.348
600718,东软集团,11.28,134.62,1.348
300906,日月明,37.11,29.69,1.347
600116,三峡水利,6.69,127.92,1.345
2536,飞龙股份,29.77,171.11,1.344
601677,明泰铝业,16.29,202.57,1.344
600531,豫光金铅,15.1,182.6,1.344
601512,中新集团,9.53,142.84,1.343
601858,中国科传,20.45,161.66,1.34
603192,汇得科技,27.9,39.55,1.337
300019,硅宝科技,22.49,88.41,1.334
600339,中油工程,3.6,200.99,1.333
2909,集泰股份,7.5,29.25,1.333
601066,中信建投,24.77,1921.33,1.332
1387,雪祺电气,14.88,27.23,1.331
603289,泰瑞机器,11.29,33.12,1.329
601956,东贝集团,7.53,46.81,1.328
603221,爱丽家居,13.55,33.14,1.328
605580,恒盛能源,26.37,73.84,1.327
300206,理邦仪器,15.6,90.43,1.327
1277,速达股份,41.77,31.75,1.326
301353,普莱得,29.18,28.65,1.326
603018,华设集团,7.54,51.56,1.326
605155,西大门,18.86,36.08,1.326
1388,信通电子,45.43,70.87,1.321
3027,同兴科技,22.72,29.7,1.32
155,川能动力,12.88,237.79,1.32
300787,海能实业,12.65,39.65,1.32
300682,朗新科技,18.95,204.33,1.319
2722,物产金轮,16.24,36.11,1.318
603037,凯众股份,19.04,50.82,1.318
2801,微光股份,37.95,87.15,1.318
603868,飞科电器,38.0,165.53,1.316
603409,汇通控股,38.0,47.89,1.316
301149,隆华新材,11.4,49.02,1.316
603259,药明康德,98.55,2940.49,1.315
300439,美康生物,10.27,39.47,1.315
2048,宁波华翔,35.67,290.29,1.315
600865,百大集团,13.69,51.51,1.315
301116,益客食品,11.35,50.96,1.313
601899,紫金矿业,38.13,10138.67,1.311
600356,恒丰纸业,9.17,27.39,1.309
300905,宝丽迪,38.06,68.05,1.308
300685,艾德生物,22.93,89.78,1.308
2444,巨星科技,38.42,458.92,1.307
603065,宿迁联盛,8.82,36.95,1.304
601890,亚星锚链,10.75,103.14,1.302
603915,国茂股份,18.48,121.35,1.299
600489,中金黄金,29.9,1449.35,1.298
301020,密封科技,23.88,34.96,1.298
603012,创力集团,7.81,50.49,1.293
2608,江苏国信,7.76,293.18,1.289
2962,五方光电,15.54,45.32,1.287
2624,完美世界,17.93,347.84,1.283
301058,中粮科工,11.69,59.88,1.283
600109,国金证券,9.35,346.45,1.283
300817,双飞集团,21.83,47.65,1.283
603217,元利科技,27.31,56.83,1.282
605018,长华集团,11.71,55.04,1.281
1386,马可波罗,23.48,280.57,1.278
300428,立中集团,24.63,168.86,1.275
601968,宝钢包装,6.06,77.31,1.271
2963,豪尔赛,15.74,23.67,1.271
601788,光大证券,17.15,790.75,1.271
1319,铭科精技,30.7,43.41,1.27
605003,众望布艺,32.4,35.64,1.265
300433,蓝思科技,37.75,1994.83,1.264
3010,若羽臣,38.23,118.92,1.263
2825,纳尔股份,11.12,37.98,1.259
603896,寿仙谷,21.44,42.5,1.259
2614,奥佳华,7.95,49.57,1.258
601127,赛力斯,118.27,2060.25,1.257
603181,皇马科技,16.71,98.37,1.257
919,金陵药业,7.97,49.57,1.255
300997,欢乐家,23.9,104.56,1.255
300487,蓝晓科技,71.77,364.35,1.253
300274,阳光电源,162.08,3360.26,1.252
300834,星辉环材,24.79,48.02,1.251
603208,江山欧派,15.21,26.95,1.249
300800,力合科技,12.82,30.35,1.248
301215,中汽股份,7.21,95.45,1.248
603406,天富龙,40.08,160.32,1.248
2683,广东宏大,52.12,396.11,1.247
600979,广安爱众,4.57,57.66,1.247
2135,东南网架,5.62,62.69,1.246
300993,玉马科技,16.07,49.52,1.245
300230,永利股份,5.22,42.45,1.245
2226,江南化工,6.03,159.73,1.244
422,湖北宜化,16.0,174.12,1.244
301613,新铝时代,53.62,77.13,1.244
300699,光威复材,40.23,334.45,1.243
2430,杭氧股份,32.4,316.99,1.241
2546,新联电子,9.68,80.74,1.24
2673,西部证券,8.07,360.7,1.239
301042,安联锐视,80.84,56.36,1.237
2566,益盛药业,8.09,26.77,1.236
603885,吉祥航空,15.55,339.61,1.235
601799,星宇股份,121.49,347.07,1.235
600305,恒顺醋业,8.1,89.62,1.235
1210,金房能源,22.97,36.02,1.232
600486,扬农化工,74.65,302.58,1.232
417,合百集团,8.93,69.64,1.232
49,德赛电池,26.81,103.12,1.231
603258,电魂网络,18.95,46.22,1.23
715,中兴商业,6.26,33.83,1.23
600180,瑞茂通,3.66,39.77,1.23
301131,聚赛龙,49.67,23.74,1.228
603091,众鑫股份,78.23,79.98,1.227
1268,联合精密,36.7,39.61,1.226
301318,维海德,30.58,41.37,1.226
603718,海利生物,6.45,42.05,1.225
600789,鲁抗医药,9.23,96.47,1.224
709,河钢股份,2.45,253.26,1.224
301059,金三江,13.89,32.11,1.224
603839,安正时尚,8.17,31.78,1.224
600021,上海电力,22.92,646.63,1.222
605166,聚合顺,10.88,34.24,1.222
600787,中储股份,5.74,124.56,1.22
617,中油资本,9.19,1161.81,1.219
3015,日久光电,16.44,46.21,1.217
2085,万丰奥威,16.44,349.07,1.217
600298,安琪酵母,45.2,392.33,1.217
2127,南极电商,3.29,80.77,1.216
600528,中铁工业,8.57,190.39,1.214
2918,蒙娜丽莎,16.73,68.39,1.213
601116,三江购物,16.52,90.48,1.211
300041,回天新材,12.39,69.31,1.211
603379,三美股份,63.58,388.14,1.211
603577,汇金通,11.32,38.39,1.21
2649,博彦科技,14.13,82.71,1.21
878,云南铜业,22.31,447.01,1.21
2947,恒铭达,49.74,127.44,1.206
2830,名雕股份,20.73,27.64,1.206
301028,东亚机械,16.52,63.45,1.205
3025,思进智能,15.2,43.16,1.204
601198,东兴证券,13.79,445.75,1.204
600131,国网信通,18.4,220.5,1.201
300298,三诺生物,18.48,103.54,1.201
507,珠海港,5.41,49.76,1.201
2820,桂发祥,12.5,25.11,1.2
2312,川发龙蟒,11.76,221.99,1.199
3038,鑫铂股份,16.74,40.79,1.195
301419,阿莱德,34.96,41.95,1.193
65,北方国际,12.43,133.17,1.191
603693,江苏新能,12.6,112.33,1.19
301106,骏成科技,33.54,34.25,1.187
300693,盛弘股份,42.13,131.78,1.187
603271,永杰新材,42.56,83.72,1.187
601200,上海环境,8.44,113.62,1.185
603755,日辰股份,38.0,37.47,1.184
2748,世龙实业,12.68,30.43,1.183
300251,光线传媒,16.92,496.36,1.182
300122,智飞生物,16.95,405.75,1.18
600101,明星电力,10.18,55.77,1.179
55,方大集团,4.24,45.53,1.179
300500,启迪设计,12.73,22.15,1.178
300976,达瑞电子,66.36,88.99,1.178
3039,顺控发展,17.83,110.1,1.178
605089,味知香,30.56,42.17,1.178
603980,吉华集团,5.94,40.2,1.178
600278,东方创业,8.76,76.38,1.176
2850,科达利,169.2,465.2,1.176
1382,新亚电缆,21.36,88.0,1.17
300932,三友联众,13.34,42.7,1.169
600196,复星医药,27.4,731.7,1.168
301479,弘景光电,91.99,81.84,1.164
2997,瑞鹄模具,38.66,80.92,1.164
603650,彤程新材,62.68,386.18,1.163
2429,兆驰股份,9.23,417.84,1.159
300916,朗特智能,34.52,49.93,1.159
601969,海南矿业,11.22,224.2,1.159
811,冰轮环境,16.58,164.55,1.158
300559,佳发教育,13.0,51.94,1.154
300390,天华新能,52.03,432.24,1.153
2300,太阳电缆,9.54,68.91,1.153
2273,水晶光电,26.02,361.84,1.153
300446,航天智造,24.3,205.43,1.152
2545,东方铁塔,26.08,324.45,1.15
601616,广电电气,6.09,51.99,1.149
300726,宏达电子,52.33,215.52,1.147
300684,中石科技,56.84,170.24,1.144
300915,海融科技,25.0,31.46,1.144
799,酒鬼酒,52.52,170.65,1.142
601133,柏诚股份,18.4,97.16,1.141
2516,旷达科技,7.03,103.4,1.138
601008,连云港,5.28,65.51,1.136
300179,四方达,17.63,85.63,1.134
301001,凯淳股份,33.08,26.46,1.134
300708,聚灿光电,10.15,95.3,1.133
603878,武进不锈,7.96,44.67,1.131
603166,福达股份,17.7,114.28,1.13
301101,明月镜片,44.3,89.27,1.129
2363,隆基机械,9.75,40.65,1.128
603228,景旺电子,67.42,663.96,1.126
573,粤宏远Ａ,4.44,28.34,1.126
603360,百傲化学,38.13,269.28,1.125
2125,湘潭电化,14.23,89.58,1.124
301132,满坤科技,37.27,55.19,1.124
2891,中宠股份,52.58,160.04,1.122
725,京东方Ａ,4.46,1652.18,1.121
300373,扬杰科技,73.18,397.62,1.121
300525,博思软件,14.18,107.55,1.121
605388,均瑶健康,7.14,42.87,1.12
2627,三峡旅游,8.94,64.78,1.119
2166,莱茵生物,8.95,66.37,1.117
300724,捷佳伟创,107.26,373.58,1.117
1318,阳光乳业,16.14,45.62,1.115
2923,润都股份,13.45,45.04,1.115
603209,兴通股份,15.46,50.24,1.113
603223,恒通股份,10.33,73.78,1.113
2452,长高电新,9.9,61.41,1.111
2641,公元股份,4.5,55.31,1.111
300284,苏交科,8.1,102.29,1.111
2252,上海莱士,6.3,418.19,1.111
2864,盘龙药业,36.1,38.37,1.108
301381,赛维时代,22.6,91.18,1.106
2266,浙富控股,4.53,236.43,1.104
301006,迈拓股份,18.13,25.25,1.103
603219,富佳股份,18.15,101.89,1.102
603776,永安行,19.42,54.52,1.102
603993,洛阳钼业,23.23,4969.9,1.102
603282,亚光股份,21.34,28.56,1.101
300014,亿纬锂能,66.84,1386.34,1.1
300035,中科电气,22.73,155.8,1.1
301383,天键股份,36.3,59.27,1.099
600459,贵研铂业,21.88,166.25,1.097
2438,江苏神通,16.0,81.21,1.094
300021,大禹节水,4.85,49.58,1.093
408,藏格矿业,91.46,1436.13,1.093
300674,宇信科技,23.83,167.78,1.091
600262,北方股份,28.97,49.25,1.091
300774,倍杰特,27.49,112.37,1.091
603040,新坐标,105.38,143.8,1.091
300899,*ST凯鑫,35.76,22.81,1.091
300547,川环科技,38.26,82.99,1.09
300939,秋田微,36.81,44.17,1.087
3005,竞业达,21.07,48.75,1.087
301469,恒达新材,32.24,28.85,1.086
601121,宝地矿业,8.11,64.88,1.085
603713,密尔克卫,65.47,103.53,1.084
605577,龙版传媒,13.85,61.56,1.083
1391,国货航,6.01,733.75,1.082
2988,豪美新材,37.88,94.61,1.082
603507,振江股份,27.72,51.09,1.082
603051,鹿山新材,23.9,38.63,1.079
301230,泓博医药,46.36,64.71,1.079
601061,中信金属,15.59,763.91,1.078
600073,光明肉业,6.53,61.23,1.072
300945,曼卡龙,18.7,49.01,1.07
603109,神驰机电,28.07,58.62,1.069
300919,中伟新材,53.91,561.88,1.068
601228,广州港,3.65,275.38,1.068
603900,莱绅通灵,9.38,32.18,1.066
600229,城市传媒,6.58,43.47,1.064
603926,铁流股份,24.43,57.34,1.064
600885,宏发股份,32.7,506.06,1.061
2821,凯莱英,103.8,374.3,1.06
605011,杭州热电,20.77,83.1,1.059
301578,辰奕智能,36.2,29.5,1.058
600482,中国动力,25.33,570.84,1.058
300819,聚杰微纤,37.81,56.41,1.058
810,创维数字,12.3,141.47,1.057
605005,合兴股份,18.98,76.11,1.054
2936,郑州银行,1.9,172.75,1.053
603707,健友股份,9.5,153.49,1.053
2797,第一创业,7.03,295.43,1.053
2462,嘉事堂,16.14,47.08,1.053
975,山金国际,34.79,966.02,1.049
300127,银河磁体,33.46,108.12,1.046
300679,电连技术,45.3,192.44,1.046
603225,新凤鸣,21.64,328.75,1.044
301330,熵基科技,39.98,94.09,1.043
300409,道氏技术,30.15,235.85,1.041
60,中金岭南,7.02,311.77,1.04
300783,三只松鼠,24.09,96.76,1.038
300224,正海磁材,17.34,161.38,1.038
601136,首创证券,18.8,513.87,1.037
603151,邦基科技,19.2,32.83,1.036
300505,川金诺,28.97,79.63,1.036
2489,浙江永强,3.86,83.72,1.036
301568,思泰克,54.11,55.87,1.035
301110,青木科技,77.49,71.71,1.035
301498,乖宝宠物,72.4,289.94,1.035
2660,茂硕电源,9.67,34.49,1.034
600268,国电南自,13.54,137.55,1.034
2093,国脉科技,11.61,116.97,1.034
600409,三友化工,7.06,145.74,1.034
2349,精华制药,7.64,63.39,1.034
603848,好太太,19.4,78.07,1.031
301160,翔楼新材,70.15,78.65,1.031
603909,建发合诚,11.65,30.37,1.03
2674,兴业科技,14.57,43.06,1.03
301456,盘古智能,32.33,48.64,1.03
301046,能辉科技,26.4,44.28,1.03
300566,激智科技,19.48,51.38,1.027
603161,科华控股,16.28,31.65,1.026
2419,天虹股份,5.86,68.49,1.024
600549,厦门钨业,59.0,936.68,1.024
2410,广联达,14.66,242.18,1.023
603173,福斯达,48.88,78.21,1.023
603163,圣晖集成,87.95,87.95,1.023
860,顺鑫农业,14.69,108.97,1.021
2552,宝鼎科技,19.61,76.08,1.02
301509,金凯生科,39.32,47.36,1.017
2241,歌尔股份,29.3,1038.87,1.017
301389,隆扬电子,51.2,145.15,1.016
603341,龙旗科技,48.6,228.58,1.016
603836,海程邦达,14.78,30.33,1.015
603229,奥翔药业,9.85,81.78,1.015
300412,迦南科技,5.92,29.47,1.014
2965,祥鑫科技,40.76,108.17,1.011
301319,唯特偶,54.19,67.39,1.009
301399,英特科技,20.54,38.0,1.008
927,中国铁物,2.68,162.15,1.007
2434,万里扬,9.94,130.47,1.006
301533,威马农机,39.81,39.14,1.005
603809,豪能股份,13.83,127.28,1.005
557,西部创业,4.99,72.77,1.002
301323,新莱福,59.47,62.79,1.002
300517,海波重科,12.18,24.41,1.002
2901,大博医疗,49.95,206.8,1.001
603617,君禾股份,7.99,31.2,1.001
2598,山东章鼓,10.0,31.2,1.0
2534,西子洁能,17.73,148.21,0.998
680,山推股份,12.53,187.97,0.998
601678,滨化股份,5.02,103.25,0.996
603477,巨星农牧,17.51,89.31,0.994
600456,宝钛股份,39.23,187.43,0.994
600056,中国医药,10.57,158.11,0.993
2783,凯龙股份,10.09,50.39,0.991
600862,中航高科,25.14,350.21,0.99
300509,新美星,15.17,44.96,0.989
301061,匠心家居,89.01,194.72,0.989
301222,浙江恒威,30.68,30.75,0.988
301309,万得凯,30.19,30.35,0.987
301596,瑞迪智驱,81.02,62.52,0.987
300967,晓鸣股份,20.28,38.04,0.986
2062,宏润建设,10.14,125.46,0.986
1301,尚太科技,81.22,211.82,0.985
300316,晶盛机电,40.66,532.46,0.984
2264,新 华 都,10.17,73.2,0.983
301379,天山电子,29.13,57.75,0.982
950,重药控股,6.11,105.59,0.982
603058,永吉股份,11.81,48.97,0.982
301000,肇民科技,40.67,98.78,0.981
301135,瑞德智能,30.63,31.23,0.979
301515,港通医疗,24.51,24.51,0.979
603725,天安新材,10.22,31.16,0.978
750,国海证券,4.3,274.61,0.977
301170,锡南科技,30.77,30.77,0.975
603296,华勤技术,92.41,938.64,0.974
2637,赞宇科技,12.34,58.05,0.972
600667,太极实业,9.88,206.64,0.972
612,焦作万方,13.37,159.4,0.972
300200,高盟新材,15.45,66.59,0.971
2294,信立泰,51.5,574.13,0.971
603318,水发燃气,7.01,32.18,0.97
603120,肯特催化,41.24,37.28,0.97
2859,洁美科技,35.1,151.26,0.969
600763,通策医疗,46.51,208.03,0.968
603917,合力科技,15.5,31.6,0.968
300735,光弘科技,25.86,198.47,0.967
3001,中岩大地,21.15,36.87,0.965
301585,蓝宇股份,31.99,33.27,0.963
301636,泽润新能,51.9,33.15,0.963
300771,智莱科技,15.58,37.39,0.963
2098,浔兴股份,10.4,37.23,0.962
300717,华信新材,20.8,21.38,0.962
1203,大中矿业,30.66,470.04,0.962
100,TCL科技,4.99,1037.96,0.962
301035,润丰股份,79.08,222.03,0.961
2873,新天药业,10.44,25.48,0.958
2888,惠威科技,21.31,31.46,0.957
301256,华融化学,16.74,80.35,0.956
300701,森霸传感,14.13,39.95,0.955
301557,常友科技,115.55,51.2,0.952
300638,广和通,31.35,281.92,0.951
2286,保龄宝,9.91,37.71,0.949
2317,众生药业,21.12,179.51,0.947
2560,通达股份,10.57,55.57,0.946
603205,健尔康,28.57,44.57,0.945
2700,万憬能源,7.0,28.95,0.943
603500,祥和实业,13.81,45.96,0.941
2353,杰瑞股份,89.36,914.92,0.94
301191,菲菱科思,106.39,73.77,0.94
300088,长信科技,6.28,156.86,0.939
603081,大丰实业,14.18,59.91,0.938
603530,神马电力,49.2,212.39,0.937
600768,宁波富邦,16.03,21.44,0.936
1209,洪兴股份,21.4,28.15,0.935
300138,晨光生物,13.91,67.2,0.935
788,北大医药,6.43,38.32,0.933
603912,佳力图,8.59,46.54,0.931
605116,奥锐特,31.15,126.53,0.931
2040,南 京 港,10.22,49.87,0.93
301129,瑞纳智能,26.25,35.67,0.93
301591,肯特股份,48.57,40.86,0.926
603041,美思德,12.98,23.77,0.924
603928,兴业股份,17.34,45.44,0.923
603358,华达科技,54.18,254.51,0.923
300838,浙江力诺,16.31,22.5,0.92
300918,南山智尚,18.38,93.03,0.919
2879,长缆科技,21.79,42.08,0.918
605339,南侨食品,18.53,78.62,0.917
779,甘咨询,8.72,40.53,0.917
2595,豪迈科技,84.64,677.12,0.916
600839,四川长虹,10.93,504.56,0.915
603036,如通股份,21.85,45.01,0.915
603301,振德医疗,71.3,189.54,0.914
301586,佳力奇,52.55,43.6,0.913
301238,瑞泰新材,21.93,160.82,0.912
2015,协鑫能科,10.99,178.4,0.91
600784,鲁银投资,7.25,48.98,0.91
600137,浪莎股份,20.46,19.89,0.909
600516,方大炭素,5.72,230.29,0.909
300231,银信科技,11.02,48.96,0.907
605016,百龙创园,22.96,96.43,0.906
603344,星德胜,34.25,66.63,0.905
300012,华测检测,16.57,278.84,0.905
300938,信测标准,29.85,72.68,0.905
300965,恒宇信通,64.2,38.52,0.903
2791,坚朗五金,22.14,78.35,0.903
2695,煌上煌,12.18,68.16,0.903
300627,华测导航,39.35,309.64,0.902
300463,迈克生物,11.66,70.5,0.901
2922,伊戈尔,41.97,177.62,0.901
301062,上海艾录,9.99,43.18,0.901
2448,中原内配,14.44,84.97,0.9
603861,白云电器,15.22,82.27,0.9
301162,国能日新,65.0,86.18,0.9
301668,昊创瑞通,55.71,61.28,0.898
2075,沙钢股份,5.57,122.2,0.898
1256,炜冈科技,22.26,31.75,0.898
603270,金帝股份,27.88,61.09,0.897
2987,京北方,19.95,173.06,0.897
300319,麦捷科技,12.72,112.9,0.896
99,中信海直,21.01,162.99,0.895
301233,盛帮股份,57.66,29.68,0.895
301580,爱迪特,51.9,55.31,0.894
301328,维峰电子,56.02,61.56,0.893
603260,合盛硅业,50.42,596.07,0.893
559,万向钱潮,20.06,665.06,0.892
600235,民丰特纸,6.95,24.42,0.892
600616,金枫酒业,5.61,37.53,0.891
300095,华伍股份,11.24,47.22,0.89
605389,长龄液压,81.14,116.91,0.887
2396,星网锐捷,28.31,165.81,0.887
301071,力量钻石,39.51,102.83,0.886
875,吉电股份,6.44,233.6,0.885
2817,黄山胶囊,8.02,23.99,0.885
600711,盛屯矿业,16.96,524.17,0.884
2882,金龙羽,33.97,147.06,0.883
1696,宗申动力,22.64,259.23,0.883
603236,移远通信,99.99,287.79,0.882
603890,春秋电子,16.32,74.41,0.882
603190,亚通精工,28.71,35.76,0.881
1266,宏英智能,34.09,35.31,0.88
603029,天鹅股份,19.6,23.78,0.878
600360,*ST华微,8.46,81.24,0.875
300192,科德教育,22.92,75.44,0.873
2106,莱宝高科,11.47,80.96,0.872
601007,金陵饭店,8.04,31.36,0.871
301608,博实结,96.79,86.13,0.871
407,胜利股份,4.84,42.6,0.868
548,湖南投资,5.77,28.8,0.867
600059,古越龙山,9.26,84.41,0.864
2893,京能热力,11.86,31.27,0.86
2039,黔源电力,18.6,79.53,0.86
2732,燕塘乳业,17.44,27.44,0.86
300207,欣旺达,24.46,451.89,0.859
300543,朗科智能,11.64,35.66,0.859
1379,腾达科技,23.27,46.54,0.859
301010,晶雪节能,23.3,25.16,0.858
300033,同花顺,361.5,1943.42,0.858
603817,海峡环保,7.0,39.91,0.857
905,厦门港务,12.84,95.25,0.857
2593,日上集团,5.84,46.95,0.856
605189,富春染织,16.24,31.52,0.856
600611,大众交通,5.85,138.3,0.855
300172,中电环保,5.85,39.59,0.855
605567,春雪食品,11.7,23.4,0.855
600995,南网储能,13.93,445.2,0.854
603992,松霖科技,43.36,187.81,0.853
600128,苏豪弘业,11.49,28.92,0.853
2472,双环传动,47.66,404.91,0.852
300040,九洲集团,6.58,42.34,0.851
600523,贵航股份,15.54,62.83,0.849
300413,芒果超媒,25.92,484.89,0.849
301065,本立科技,23.55,24.97,0.849
957,中通客车,11.78,69.84,0.849
682,东方电子,14.03,188.1,0.848
600089,特变电工,29.6,1495.63,0.845
603239,浙江仙通,24.86,67.3,0.845
2920,德赛西威,132.01,787.89,0.845
605180,华生科技,15.43,26.08,0.843
300962,中金辐照,17.32,45.73,0.843
887,中鼎股份,23.78,313.06,0.841
603767,中马传动,23.81,73.49,0.84
301535,浙江华远,25.97,110.45,0.839
2981,朝阳科技,30.53,41.97,0.839
2455,百川股份,7.16,42.55,0.838
600395,盘江股份,4.78,102.61,0.837
603916,苏博特,12.06,51.41,0.837
2149,西部材料,36.0,175.76,0.833
603004,鼎龙科技,25.21,59.37,0.833
603989,艾华集团,18.14,72.34,0.832
301026,浩通科技,34.38,54.41,0.832
301122,采纳股份,30.11,36.81,0.83
300026,红日药业,3.62,108.75,0.829
301282,金禄电子,30.2,45.64,0.828
2484,江海股份,31.39,266.98,0.828
301130,西点药业,31.44,24.05,0.827
601100,恒立液压,121.12,1624.0,0.826
301097,天益医疗,60.58,35.71,0.825
600853,龙建股份,4.85,49.18,0.825
2730,电光科技,15.79,57.17,0.823
603077,和邦生物,2.43,214.61,0.823
2054,德美化工,8.52,41.08,0.822
600487,亨通光电,27.97,689.95,0.822
600266,城建发展,6.09,126.41,0.821
605060,联德股份,42.73,102.8,0.819
958,电投产融,6.72,1167.47,0.818
2869,金溢科技,24.82,43.91,0.818
301033,迈普医学,72.82,48.83,0.817
601609,金田股份,11.63,201.04,0.817
301068,大地海洋,28.26,39.94,0.817
600114,东睦股份,35.9,226.67,0.816
1380,华纬科技,24.9,67.44,0.815
601999,出版传媒,7.38,40.66,0.813
421,南京公用,7.39,42.45,0.812
1231,农心科技,24.63,24.62,0.812
300002,神州泰岳,12.31,242.16,0.812
603162,海通发展,12.23,113.52,0.809
600967,内蒙一机,18.26,310.75,0.805
605020,永和股份,28.63,146.25,0.803
2029,七 匹 狼,12.46,87.85,0.803
603815,交建股份,8.09,50.07,0.803
300858,科拓生物,18.7,49.27,0.802
603786,科博达,81.0,327.12,0.802
301080,百普赛斯,62.65,104.74,0.801
2653,海思科,51.74,579.45,0.8
1337,四川黄金,43.76,183.79,0.8
2613,北玻股份,3.76,41.38,0.798
300748,金力永磁,37.71,518.73,0.796
1226,拓山重工,50.23,37.51,0.796
603612,索通发展,26.38,131.4,0.796
301617,博苑股份,83.17,111.15,0.796
302132,中航成飞,80.21,2143.28,0.795
601865,福莱特,16.35,383.06,0.795
301210,金杨精密,38.8,44.47,0.794
600512,腾达建设,2.52,40.16,0.794
300575,中旗股份,6.18,29.48,0.793
2606,大连电瓷,10.72,47.07,0.793
2026,山东威达,16.4,72.25,0.793
603609,禾丰股份,7.33,66.58,0.791
969,安泰科技,25.3,265.78,0.791
603823,百合花,18.99,79.07,0.79
301192,泰祥股份,31.66,31.63,0.79
600702,舍得酒业,54.62,181.75,0.787
301631,壹连科技,108.9,99.55,0.787
301505,苏州规划,25.44,29.1,0.786
2517,恺英网络,25.58,546.5,0.786
2395,双象股份,19.09,51.2,0.786
300859,西域旅游,38.18,59.18,0.786
300484,蓝海华腾,20.35,42.16,0.786
301053,远信工业,37.08,31.23,0.785
300151,昌红科技,17.19,91.54,0.785
300228,富瑞特装,9.95,59.44,0.784
600562,国睿科技,32.46,403.11,0.783
600055,万东医疗,16.63,116.92,0.782
300443,金雷股份,30.8,98.6,0.779
300697,电工合金,17.71,76.62,0.779
2493,荣盛石化,12.98,1296.63,0.778
2941,新疆交建,17.11,124.86,0.777
603606,东方电缆,57.96,398.6,0.776
301520,万邦医药,45.1,30.07,0.776
300813,泰林生物,25.76,31.22,0.776
300596,利安隆,47.74,109.62,0.775
601086,国芳集团,10.32,68.73,0.775
600379,宝光股份,13.05,43.09,0.774
601096,宏盛华源,5.17,138.31,0.774
300802,矩子科技,21.1,59.94,0.773
716,黑芝麻,6.47,48.71,0.773
300174,元力股份,16.85,61.37,0.772
300643,万通智控,20.75,47.99,0.771
2155,湖南黄金,22.97,358.94,0.771
600493,凤竹纺织,7.66,20.84,0.77
600819,耀皮玻璃,8.18,79.9,0.77
301126,达嘉维康,13.5,27.73,0.77
605080,浙江自然,25.63,36.28,0.769
603056,德邦股份,18.85,191.23,0.769
2401,中远海科,16.91,62.85,0.769
603583,捷昌驱动,38.87,149.95,0.767
1376,百通能源,19.56,90.15,0.767
2344,海宁皮城,4.96,63.62,0.766
600310,广西能源,3.92,57.46,0.765
300407,凯发电气,12.94,41.41,0.765
600699,均胜电子,30.83,478.1,0.765
2357,富临运业,13.08,41.0,0.765
301501,恒鑫生活,45.13,66.75,0.764
301589,诺瓦星云,186.05,172.0,0.764
600596,新安股份,13.09,176.66,0.764
2880,卫光生物,26.27,59.58,0.761
300847,中船汉光,17.89,52.96,0.76
2244,滨江集团,10.79,335.72,0.76
2511,中顺洁柔,8.3,106.77,0.759
603010,万盛股份,10.56,62.26,0.758
603257,中国瑞林,65.98,79.18,0.758
300387,富邦科技,9.26,26.77,0.756
301512,智信精密,49.58,26.44,0.756
603266,天龙股份,22.58,44.91,0.753
603969,银龙股份,10.62,91.05,0.753
600378,昊华科技,37.97,489.81,0.753
605138,盛泰集团,7.3,40.56,0.753
300860,锋尚文化,28.33,53.39,0.752
300711,广哈通信,26.61,66.3,0.752
300642,透景生命,19.98,32.48,0.751
301073,君亭酒店,30.14,58.61,0.747
922,佳电股份,14.88,103.41,0.746
1217,华尔泰,13.4,44.47,0.746
600864,哈投股份,6.7,139.4,0.746
301355,南王科技,13.4,26.14,0.746
300570,太辰光,107.45,244.05,0.745
603297,永新光学,114.52,127.04,0.744
300784,利安科技,53.85,30.28,0.743
2860,星帅尔,13.6,48.92,0.743
300955,嘉亨家化,37.69,37.99,0.743
600621,华鑫股份,15.76,167.2,0.742
3036,泰坦股份,16.72,36.16,0.742
777,中核科技,26.27,100.72,0.742
2385,大北农,4.05,174.15,0.741
2787,华源控股,13.76,46.12,0.741
301305,朗坤科技,27.04,65.23,0.74
603283,赛腾股份,55.84,151.42,0.74
301229,纽泰格,22.56,41.01,0.74
300922,天秦装备,24.12,38.29,0.738
1400,江顺科技,108.5,65.1,0.737
301153,中科江南,24.29,85.71,0.737
301366,一博科技,38.87,81.45,0.736
301032,新柴股份,13.6,32.79,0.735
600649,城投控股,5.45,136.5,0.734
2777,久远银海,20.46,83.52,0.733
1205,盛航股份,16.38,30.79,0.733
603103,横店影视,19.12,121.26,0.732
603122,合富中国,17.77,70.73,0.732
600217,中再资环,4.24,70.28,0.731
2815,崇达技术,14.66,178.52,0.73
2165,红 宝 丽,9.59,70.51,0.73
636,风华高科,20.57,238.0,0.729
301234,五洲医疗,41.16,27.99,0.729
603311,金海高科,16.46,38.83,0.729
605086,龙高股份,41.5,74.37,0.728
301616,浙江华业,54.94,43.95,0.728
301502,华阳智能,48.19,27.51,0.726
800,一汽解放,6.9,339.57,0.725
600903,贵州燃气,6.9,79.35,0.725
2042,华孚时尚,4.28,72.79,0.724
301393,昊帆生物,55.3,59.72,0.723
603150,万朗磁塑,44.35,37.91,0.722
300950,德固特,27.28,41.76,0.722
301148,嘉戎技术,54.05,62.97,0.722
600279,重庆港,5.54,65.75,0.722
300357,我武生物,30.52,159.8,0.721
2340,格林美,9.15,468.07,0.721
2008,大族激光,49.72,511.92,0.72
301459,丰茂股份,53.3,55.5,0.72
605123,派克新材,105.47,127.8,0.719
300408,三环集团,52.97,1015.17,0.717
605033,美邦股份,20.93,28.3,0.717
600883,博闻科技,8.37,19.76,0.717
600668,尖峰集团,11.58,47.81,0.717
2724,海洋王,6.98,53.85,0.716
301556,托普云农,115.0,98.07,0.715
300416,苏试试验,20.98,106.69,0.715
601026,道生天合,20.98,138.34,0.715
2985,北摩高科,38.16,126.64,0.715
2953,日丰股份,13.02,64.0,0.714
1211,双枪科技,29.58,21.3,0.713
600697,欧亚集团,14.02,22.3,0.713
738,航发控制,24.29,319.46,0.708
960,锡业股份,40.97,674.29,0.708
2066,瑞泰科技,20.92,49.14,0.707
2979,雷赛智能,44.25,139.01,0.707
300421,力星股份,33.95,99.82,0.707
300442,润泽科技,74.8,1222.49,0.706
301166,优宁维,32.57,28.23,0.706
301525,儒竞科技,92.39,87.13,0.704
300037,新宙邦,56.98,428.37,0.704
600392,盛和资源,24.15,423.31,0.704
603681,永冠新材,21.35,40.81,0.703
601231,环旭电子,31.01,720.04,0.703
2498,汉缆股份,5.69,189.29,0.703
301519,舜禹股份,14.53,23.49,0.702
603189,网达软件,21.4,57.68,0.701
300695,兆丰股份,90.6,92.64,0.701
3033,征和工业,71.34,58.32,0.701
301103,何氏眼科,21.45,33.9,0.699
605399,晨光新材,14.3,44.65,0.699
300871,回盛生物,29.54,59.77,0.697
530,冰山冷热,7.17,60.46,0.697
2553,南方精工,28.35,100.19,0.695
3030,祖名股份,21.57,26.92,0.695
652,泰达股份,4.32,63.74,0.694
301370,国科恒泰,12.1,56.94,0.694
2225,濮耐股份,6.35,73.61,0.693
300971,博亚精工,25.84,30.39,0.693
2990,盛视科技,30.34,79.45,0.692
600138,中青旅,10.11,73.18,0.692
1324,长青科技,19.21,26.51,0.692
605333,沪光股份,31.27,145.11,0.691
301011,华立科技,27.49,42.35,0.691
300492,华图山鼎,78.0,153.41,0.691
300261,雅本化学,7.25,69.84,0.69
300304,云意电气,12.78,112.23,0.689
301448,开创电气,47.68,49.87,0.688
737,北方铜业,15.99,304.56,0.688
603276,恒兴新材,18.16,37.71,0.688
2559,亚威股份,10.92,60.03,0.687
2824,和胜股份,22.12,68.83,0.687
2917,金奥博,14.58,50.68,0.686
2169,智光电气,11.67,91.34,0.686
601208,东材科技,27.4,278.96,0.686
2017,东信和平,23.9,138.72,0.686
2957,科瑞技术,24.85,104.37,0.684
300793,佳禾智能,17.57,66.86,0.683
96,广聚能源,10.99,58.03,0.682
603022,新通联,11.46,22.92,0.681
603618,杭电股份,8.82,60.98,0.68
603050,科林电气,19.87,80.14,0.679
300403,汉宇集团,14.76,89.0,0.678
600688,上海石化,2.95,311.01,0.678
2463,沪电股份,74.0,1424.03,0.676
600650,锦江在线,16.3,89.91,0.675
600746,江苏索普,7.42,86.65,0.674
301295,美硕科技,35.67,35.96,0.673
2755,奥赛康,17.88,165.96,0.671
300820,英杰电气,59.45,132.15,0.671
603950,长源东谷,32.28,104.63,0.669
2204,大连重工,7.49,144.66,0.668
685,中山公用,12.28,181.14,0.668
2762,*ST金比,7.49,26.52,0.668
300720,海川智能,34.44,67.12,0.668
603638,艾迪精密,22.48,186.83,0.667
2237,恒邦股份,16.95,242.38,0.667
301066,万事利,20.7,48.63,0.667
300797,钢研纳克,18.02,68.97,0.666
600573,惠泉啤酒,12.02,30.05,0.666
603390,通达电气,13.53,47.58,0.665
603285,键邦股份,30.1,48.16,0.664
2731,萃华珠宝,13.56,34.73,0.664
2394,联发股份,15.14,49.01,0.661
2973,侨银股份,15.14,61.87,0.661
300855,图南股份,37.82,149.59,0.661
2611,东方精工,19.67,239.44,0.661
301588,美新科技,21.24,25.25,0.659
300660,江苏雷利,57.48,257.01,0.659
2609,捷顺科技,10.63,68.4,0.659
301289,国缆检测,62.19,48.51,0.659
603089,正裕工业,14.44,34.66,0.658
2940,昂利康,34.22,69.03,0.658
34,神州数码,40.0,289.38,0.658
600032,浙江新能,7.92,190.45,0.657
300435,中泰股份,30.65,118.22,0.653
2006,精工科技,22.99,119.5,0.652
600760,中航沈飞,59.67,1691.7,0.652
301092,争光股份,39.75,53.48,0.652
605055,迎丰股份,9.2,40.48,0.652
2782,可立克,22.84,113.28,0.652
301335,天元宠物,30.72,38.98,0.651
2224,三 力 士,4.62,41.68,0.649
300759,康龙化成,30.87,548.93,0.648
2243,力合科创,10.84,131.23,0.646
301078,孩子王,10.84,136.71,0.646
301022,海泰科,39.66,39.46,0.645
300371,汇中股份,13.8,27.77,0.645
300644,南京聚隆,38.45,42.54,0.645
301296,新巨丰,8.99,37.77,0.645
301315,威士顿,62.08,54.63,0.644
603160,汇顶科技,84.07,391.21,0.644
300375,鹏翎股份,5.6,42.55,0.643
600097,开创国际,12.45,30.0,0.643
301281,科源制药,31.17,33.75,0.642
600963,岳阳林纸,4.68,82.25,0.641
2407,多氟多,31.2,371.41,0.641
605277,新亚电子,23.39,75.78,0.641
301548,崇德科技,67.3,58.55,0.639
2365,永安药业,15.68,46.21,0.638
2561,徐家汇,9.41,39.12,0.638
300327,中颖电子,31.42,107.26,0.637
605128,上海沿浦,41.0,86.57,0.637
300580,贝斯特,26.67,133.5,0.637
300789,唐源电气,23.88,34.35,0.637
601778,晶科科技,4.4,157.12,0.636
605376,博迁新材,73.99,193.56,0.635
603353,和顺石油,31.65,54.41,0.635
603739,蔚蓝生物,15.76,39.88,0.635
705,浙江震元,9.45,31.57,0.635
300434,金石亚药,10.87,43.67,0.635
601611,中国核建,16.41,494.57,0.634
301508,中机认检,33.32,75.33,0.633
601636,旗滨集团,6.49,192.02,0.632
300401,花园生物,18.05,98.1,0.632
300884,狄耐克,15.7,39.86,0.631
600765,中航重机,19.49,304.74,0.631
300183,东软载波,15.88,73.46,0.63
1222,源飞宠物,23.86,45.55,0.629
605167,利柏特,18.0,80.83,0.628
1282,三联锻造,22.46,49.9,0.628
301618,长联科技,53.62,48.37,0.627
300988,津荣天宇,26.65,37.39,0.627
524,岭南控股,12.78,85.65,0.626
301662,宏工科技,159.98,127.98,0.625
300314,戴维医疗,13.92,40.09,0.625
300694,蠡湖股份,12.66,27.48,0.624
2334,英威腾,9.45,77.75,0.624
603382,海阳科技,32.17,58.31,0.622
300512,中亚股份,9.64,39.45,0.622
603686,福龙马,25.41,105.56,0.622
601689,拓普集团,83.42,1449.7,0.622
300285,国瓷材料,32.2,321.05,0.621
3037,三和管桩,8.05,48.23,0.621
758,中色股份,7.41,147.49,0.621
600965,福成股份,6.14,50.27,0.619
300739,明阳电路,19.39,72.41,0.619
801,四川九洲,16.31,165.76,0.619
880,潍柴重机,33.43,155.06,0.619
819,岳阳兴长,16.15,59.67,0.619
301190,善水科技,24.27,52.09,0.618
603876,鼎胜新材,16.17,150.26,0.618
600547,山东黄金,51.47,2372.73,0.618
301050,雷电微力,55.79,137.92,0.617
603135,中重科技,10.73,67.55,0.615
301263,泰恩康,32.54,138.46,0.615
301507,民生健康,16.25,57.94,0.615
300727,润禾材料,37.52,67.59,0.613
2912,中新赛克,32.65,55.75,0.613
603798,康普顿,17.93,45.98,0.613
300171,东富龙,17.28,132.34,0.613
301380,挖金客,39.34,39.89,0.613
603280,南方路机,42.49,46.06,0.612
300690,双一科技,34.3,56.71,0.612
605100,华丰股份,49.2,84.0,0.612
603630,拉芳家化,22.89,51.55,0.612
300563,神宇股份,38.55,70.21,0.612
2971,和远气体,32.7,69.24,0.612
601238,广汽集团,8.18,834.12,0.611
301395,仁信新材,13.76,33.42,0.61
61,农 产 品,9.83,195.12,0.61
300617,安靠智电,39.65,65.7,0.61
600509,天富能源,9.03,124.11,0.609
301538,骏鼎达,93.7,73.46,0.609
300775,三角防务,32.91,180.2,0.608
2996,顺博合金,8.23,55.09,0.608
301086,鸿富瀚,131.63,118.47,0.608
301601,惠通科技,29.62,41.61,0.608
603320,迪贝电气,23.07,34.41,0.607
300622,博士眼镜,34.26,78.06,0.607
603931,格林达,36.33,72.5,0.606
605108,同庆楼,19.89,51.71,0.603
300987,川网传媒,20.73,35.94,0.603
990,诚志股份,8.3,100.86,0.602
600959,江苏有线,3.66,183.03,0.601
300917,特发服务,41.59,70.29,0.601
300996,普联软件,17.87,50.53,0.599
35,中国天楹,6.18,147.58,0.599
600327,大东方,5.01,44.33,0.599
301121,紫建电子,41.97,41.48,0.598
603596,伯特利,58.53,354.99,0.598
2238,天威视讯,8.37,67.17,0.597
2409,雅克科技,97.1,462.13,0.597
301172,君逸数码,23.99,41.38,0.596
603290,斯达半导,106.93,256.07,0.595
603799,华友钴业,75.5,1432.03,0.595
603499,翔港科技,24.06,72.8,0.594
300248,新开普,13.5,64.31,0.593
603535,嘉诚国际,10.28,52.52,0.593
812,陕西金叶,4.73,36.36,0.592
300854,中兰环保,20.44,20.45,0.592
601179,中国西电,16.04,822.19,0.592
600980,北矿科技,24.48,46.33,0.592
300822,贝仕达克,16.89,52.62,0.592
605198,安德利,43.18,144.3,0.591
2050,三花智控,57.95,2438.54,0.59
600104,上汽集团,15.12,1738.09,0.589
600372,中航机载,15.62,755.84,0.589
833,粤桂股份,20.71,166.11,0.589
2181,粤 传 媒,11.61,134.8,0.586
603601,再升科技,9.23,105.16,0.585
2481,双塔食品,5.13,63.29,0.585
301555,惠柏新材,37.72,34.8,0.583
301678,新恒汇,85.76,205.44,0.583
300507,苏奥传感,10.31,82.55,0.582
600162,香江控股,1.89,61.77,0.582
300217,东方电热,5.5,81.29,0.582
2643,万润股份,17.37,160.32,0.581
300417,南华仪器,13.76,18.52,0.581
301622,英思特,68.95,79.94,0.58
32,深桑达Ａ,20.72,235.79,0.579
21,深科技,32.64,513.0,0.579
300601,康泰生物,15.55,173.68,0.579
603659,璞泰来,29.41,628.31,0.578
300631,久吾高科,31.2,39.01,0.577
2558,巨人网络,50.3,973.18,0.577
751,锌业股份,5.2,84.01,0.577
301279,金道科技,34.74,45.07,0.576
600160,巨化股份,40.0,1079.9,0.575
2977,天箭科技,31.32,37.62,0.575
601375,中原证券,4.35,201.97,0.575
603979,金诚信,78.43,489.24,0.574
301165,锐捷网络,75.46,600.25,0.574
2761,浙江建投,8.73,94.44,0.573
601456,国联民生,9.78,555.56,0.573
603977,国泰集团,15.7,97.53,0.573
2080,中材科技,39.27,659.0,0.573
601368,绿城水务,5.24,46.27,0.573
600444,国机通用,19.21,28.13,0.573
1360,南矿集团,26.16,53.37,0.573
300545,联得装备,34.08,63.21,0.569
301083,百胜智能,21.17,37.65,0.567
301063,海锅股份,26.5,27.66,0.566
603366,日出东方,9.56,77.73,0.565
1336,楚环科技,26.64,21.41,0.563
1288,运机集团,31.81,74.72,0.563
603331,百达精工,14.23,28.77,0.562
600592,龙溪股份,25.79,103.04,0.562
300837,浙矿股份,53.4,53.4,0.562
603790,雅运股份,21.39,40.93,0.561
2907,华森制药,15.15,63.27,0.561
301216,万凯新材,23.74,137.74,0.56
2449,国星光电,8.94,55.29,0.559
301199,迈赫股份,25.22,47.08,0.559
603097,江苏华辰,35.62,58.83,0.559
300257,开山股份,17.93,178.16,0.558
301261,恒工精密,107.57,94.54,0.558
600927,永安期货,16.18,235.51,0.556
300725,药石科技,42.96,100.44,0.556
821,ST京机,12.59,78.42,0.556
300662,科锐国际,28.77,56.62,0.556
603137,恒尚节能,14.42,26.38,0.555
603610,麒盛科技,18.38,64.88,0.555
603678,火炬电子,39.64,188.51,0.555
301458,钧崴电子,35.82,95.52,0.553
301007,德迈仕,41.75,64.02,0.551
600693,东百集团,14.53,126.39,0.551
2202,金风科技,25.45,1075.28,0.55
600635,大众公用,6.54,193.09,0.55
3031,中瓷电子,76.49,345.01,0.549
600798,宁波海运,3.65,44.04,0.548
300703,创源股份,27.44,49.5,0.547
600106,重庆路桥,6.58,87.45,0.547
2675,东诚药业,14.65,120.8,0.546
551,创元科技,15.24,73.87,0.545
600686,金龙汽车,20.19,144.77,0.545
603183,建研院,4.59,22.82,0.545
600507,方大特钢,6.05,139.95,0.545
301428,世纪恒通,36.73,36.24,0.545
300941,创识科技,23.33,47.77,0.544
301592,六九一二,128.75,90.12,0.544
2738,中矿资源,92.0,663.77,0.543
2876,三利谱,27.69,48.15,0.542
300741,华宝股份,18.44,113.57,0.542
301320,豪江智能,18.5,33.67,0.541
600038,中直股份,37.74,309.43,0.541
603315,福鞍股份,15.36,49.21,0.54
301127,武汉天源,17.79,119.92,0.54
603000,人民网,24.47,270.56,0.539
1221,悍高集团,66.78,267.13,0.539
600629,华建集团,22.62,219.49,0.539
603818,曲美家居,3.71,25.47,0.539
603070,万控智造,14.87,59.63,0.538
300018,中元股份,12.82,62.22,0.538
301500,飞南资源,17.32,97.33,0.537
300722,新余国科,33.52,92.77,0.537
603486,科沃斯,83.39,482.76,0.536
300990,同飞股份,92.99,158.62,0.536
300995,奇德新材,41.98,35.32,0.536
600636,*ST国化,9.35,41.01,0.535
300634,彩讯股份,29.92,135.0,0.535
301098,金埔园林,9.35,17.2,0.535
1283,豪鹏科技,72.41,72.37,0.534
301188,力诺药包,18.36,43.89,0.534
600812,华北制药,5.63,96.6,0.533
603125,常青科技,19.33,78.25,0.533
300087,荃银高科,9.39,88.95,0.532
603898,好莱客,14.67,45.67,0.532
300886,华业香料,28.26,21.14,0.531
301252,同星科技,32.34,54.73,0.529
300213,佳讯飞鸿,9.45,56.17,0.529
25,特  力Ａ,18.9,81.47,0.529
603505,金石资源,20.12,169.34,0.527
603687,大胜达,11.01,60.56,0.527
2651,利君股份,11.41,117.92,0.526
600851,海欣股份,7.6,91.74,0.526
1279,强邦新材,35.77,57.23,0.526
600858,银座股份,7.23,37.6,0.526
301057,汇隆新材,38.49,45.02,0.522
45,深纺织Ａ,13.64,69.09,0.521
301048,金鹰重工,11.9,63.47,0.521
600577,精达股份,15.35,329.91,0.521
301590,优优绿能,230.78,97.05,0.519
301446,福事特,38.52,40.06,0.519
600218,全柴动力,11.55,50.31,0.519
603860,中公高科,32.27,21.52,0.518
2826,易明医药,19.31,36.82,0.518
300654,世纪天鸿,10.63,38.92,0.517
301009,可靠股份,13.57,36.89,0.516
300001,特锐德,29.08,306.95,0.516
948,南天信息,17.62,68.7,0.516
300980,祥源新材,35.05,48.39,0.514
600859,王府井,15.55,174.77,0.514
1260,坤泰股份,24.56,28.24,0.513
301082,久盛电气,19.49,44.11,0.513
2194,武汉凡谷,13.69,93.54,0.511
2861,瀛通通讯,19.58,36.47,0.511
300651,金陵体育,26.79,37.83,0.511
300698,万马科技,45.11,60.45,0.51
300124,汇川技术,80.08,2167.95,0.509
600810,神马股份,9.04,100.46,0.509
601995,中金公司,35.35,1706.44,0.509
300777,中简科技,43.52,191.36,0.508
2065,东华软件,9.87,316.38,0.507
600168,武汉控股,5.33,52.95,0.507
605300,佳禾食品,11.86,53.89,0.506
2950,奥美医疗,11.87,75.17,0.505
300425,中建环能,5.15,35.13,0.505
601233,桐昆股份,19.85,476.45,0.504
300801,泰和科技,35.82,78.24,0.503
1389,广合科技,95.51,406.57,0.502
600740,山西焦化,3.99,102.23,0.501
600638,新黄浦,7.38,49.7,0.501
603808,歌力思,10.0,36.91,0.5
300347,泰格医药,59.97,516.36,0.5
301312,智立方,57.6,69.8,0.5
2090,金智科技,13.01,52.12,0.5
2646,天佑德酒,8.82,42.26,0.499
300840,酷特智能,20.07,48.17,0.498
603580,*ST艾艾,16.45,21.5,0.498
301208,中亦科技,40.15,48.18,0.498
600249,两面针,6.03,33.16,0.498
2432,九安医疗,41.04,190.83,0.497
300398,飞凯材料,26.83,152.11,0.496
600171,上海贝岭,34.4,243.87,0.494
1259,利仁科技,32.41,23.85,0.494
300636,同和药业,8.13,34.14,0.492
300623,捷捷微电,30.55,254.2,0.491
601595,上海电影,29.34,131.5,0.491
603275,众辰科技,48.51,72.17,0.491
300776,帝尔激光,79.3,217.28,0.491
600986,浙文互联,10.2,151.71,0.49
2927,泰永长征,20.4,45.53,0.49
603738,泰晶科技,16.56,63.9,0.489
2908,德生科技,10.26,44.26,0.487
600895,张江高科,45.2,700.01,0.487
2468,申通快递,13.78,210.94,0.486
2768,国恩股份,57.67,156.43,0.486
2139,拓邦股份,14.41,179.67,0.486
301336,趣睡科技,56.52,22.61,0.485
300790,宇瞳光学,30.9,115.6,0.485
300281,金明精机,8.27,34.64,0.484
603101,汇嘉时代,10.32,48.55,0.484
300258,精锻科技,14.7,86.0,0.483
301201,诚达药业,41.39,64.04,0.483
600628,新世界,8.29,53.63,0.483
1367,海森药业,23.9,36.41,0.481
300034,钢研高纳,20.8,165.77,0.481
301099,雅创电子,48.65,71.35,0.481
603528,多伦科技,10.39,73.35,0.481
2515,金字火腿,6.25,75.66,0.48
603628,清源股份,13.77,37.61,0.479
301367,瑞迈特,83.5,74.82,0.479
603267,鸿远电子,56.4,130.33,0.479
600206,有研新材,22.74,192.51,0.479
300016,北陆药业,9.19,51.73,0.479
300718,长盛轴承,84.09,251.24,0.479
600143,金发科技,20.92,551.21,0.478
603220,中贝通信,23.0,99.88,0.478
603688,石英股份,39.79,215.53,0.478
300909,汇创达,48.2,83.37,0.477
600918,中泰证券,6.5,514.69,0.477
301577,美信科技,62.02,27.93,0.476
300508,维宏股份,39.91,43.42,0.476
2150,正泰电源,21.23,76.61,0.476
600796,钱江生化,6.54,56.67,0.474
600685,中船防务,31.64,447.23,0.474
301255,通力科技,30.24,46.06,0.473
301055,张小泉,25.36,39.56,0.473
603313,梦百合,10.58,60.37,0.473
1359,平安电工,76.38,141.69,0.471
300836,佰奥智能,67.03,62.13,0.471
2625,光启技术,49.6,1068.68,0.47
301118,恒光股份,26.68,29.4,0.469
962,东方钽业,39.0,196.9,0.467
603066,音飞储存,11.14,32.77,0.467
2916,深南电路,247.1,1647.52,0.467
603698,航天工程,34.9,187.06,0.467
301197,工大科雅,21.48,25.89,0.466
301173,毓恬冠佳,48.94,42.99,0.466
600605,汇通能源,30.02,61.93,0.466
3002,壶化股份,32.32,64.64,0.464
301363,美好医疗,32.58,185.34,0.463
2733,雄韬股份,21.71,83.41,0.461
600714,金瑞矿业,15.18,43.75,0.461
301108,洁雅股份,37.08,41.74,0.461
300843,胜蓝股份,49.98,81.82,0.46
600513,联环药业,19.35,55.24,0.46
603893,瑞芯微,195.01,820.89,0.46
300956,英力股份,18.04,38.86,0.46
1278,一彬科技,21.79,26.96,0.459
603501,豪威集团,130.42,1637.82,0.459
301408,华人健康,21.81,87.24,0.459
2843,泰嘉股份,21.93,55.21,0.456
936,华西股份,8.78,77.79,0.456
2187,广百股份,8.79,61.61,0.455
605318,法狮龙,66.0,82.98,0.455
300263,隆华科技,9.67,100.09,0.455
300394,天孚通信,188.73,1467.22,0.454
600764,中国海防,28.41,201.89,0.454
2046,国机精工,46.44,249.04,0.452
603324,盛剑科技,27.95,41.28,0.451
603272,联翔股份,22.17,22.97,0.451
300066,三川智慧,6.65,69.16,0.451
703,恒逸石化,11.39,410.34,0.448
300926,博俊科技,32.4,140.72,0.448
2361,神剑股份,11.16,106.14,0.448
2063,远光软件,6.69,127.78,0.448
300751,迈为股份,246.6,689.01,0.446
300870,欧陆通,226.89,249.26,0.445
603999,读者传媒,7.41,42.68,0.445
300691,联合光电,17.97,48.35,0.445
301361,众智科技,37.81,43.99,0.444
301539,宏鑫科技,22.56,33.39,0.443
2130,沃尔核材,30.95,389.94,0.443
300943,春晖智控,27.2,55.44,0.441
300440,运达科技,13.37,58.76,0.441
300243,瑞丰高材,11.37,28.47,0.44
603888,新华网,23.85,160.93,0.44
2025,航天电器,52.4,238.64,0.439
300683,海特生物,29.67,38.84,0.438
605488,福莱新材,40.45,113.35,0.438
603949,雪龙集团,22.9,48.26,0.437
301595,太力科技,57.5,62.26,0.435
2576,通达动力,18.4,30.38,0.435
600510,黑牡丹,9.44,97.42,0.434
2728,特一药业,11.52,59.1,0.434
3026,中晶科技,34.67,44.94,0.433
301398,星源卓镁,62.19,69.65,0.431
603172,万丰股份,20.88,27.85,0.431
603696,安记食品,20.89,49.13,0.431
2104,恒宝股份,18.62,131.89,0.43
605286,同力天启,41.83,70.27,0.43
300346,南大光电,61.17,422.78,0.43
778,新兴铸管,4.67,185.08,0.428
301314,科瑞思,46.7,25.8,0.428
301602,超研股份,23.86,102.2,0.427
1287,中电港,26.26,199.55,0.427
300587,天铁科技,6.32,82.05,0.427
600498,烽火通信,36.59,496.95,0.426
603829,洛凯股份,25.11,46.77,0.426
300383,光环新网,14.12,253.82,0.425
300946,恒而达,55.32,86.3,0.425
603602,纵横通信,16.28,37.62,0.424
600052,东望时代,4.73,39.93,0.423
301360,荣旗科技,82.76,44.14,0.423
600400,红豆股份,2.37,54.31,0.422
2838,道恩股份,30.36,145.24,0.422
600150,中国船舶,35.27,2654.29,0.422
2255,海陆重工,13.05,108.43,0.421
300031,宝通科技,23.74,99.41,0.421
603655,朗博科技,45.28,48.0,0.42
300952,恒辉安防,51.85,89.49,0.42
539,粤电力Ａ,4.76,249.91,0.42
998,隆平高科,9.54,140.19,0.419
300458,全志科技,45.79,377.96,0.419
300878,维康药业,33.53,48.55,0.418
301163,宏德股份,29.88,24.38,0.418
600337,美克家居,2.87,41.24,0.418
600988,赤峰黄金,38.39,729.57,0.417
601059,信达证券,17.73,574.98,0.417
600834,申通地铁,8.89,42.44,0.416
300885,海昌新材,29.17,72.39,0.415
2212,天融信,9.15,107.92,0.415
300113,顺网科技,21.69,148.27,0.415
2828,贝肯能源,12.08,24.28,0.414
301628,强达电路,96.72,72.9,0.414
2522,浙江众成,6.04,54.71,0.414
301658,首航新能,30.53,125.9,0.413
603533,掌阅科技,24.35,106.87,0.411
603176,汇通集团,5.59,26.57,0.411
300557,理工光科,37.56,45.4,0.41
600081,东风科技,12.22,67.58,0.409
600630,龙头股份,9.28,39.43,0.409
300768,迪普科技,19.58,126.06,0.409
603396,金辰股份,36.73,50.88,0.408
968,蓝焰控股,7.36,71.21,0.408
300558,贝达药业,48.77,205.19,0.408
300457,赢合科技,29.02,187.23,0.407
300534,陇神戎发,9.86,29.91,0.406
605151,西上海,19.75,26.57,0.405
959,首钢股份,5.43,421.09,0.405
2171,楚江新材,14.11,229.0,0.404
301297,富乐德,39.74,295.34,0.403
301377,鼎泰高科,169.0,692.9,0.402
600560,金自天正,17.66,39.5,0.402
603629,利通电子,32.08,84.17,0.402
2185,华天科技,14.18,462.11,0.402
600966,博汇纸业,6.98,93.31,0.401
2636,金安国纪,21.18,154.19,0.401
2827,高争民爆,37.45,103.75,0.401
300848,美瑞新材,17.44,74.62,0.401
300402,宝色股份,22.52,55.58,0.4
603130,云中马,57.53,79.11,0.4
300611,美力科技,29.5,62.27,0.4
601608,中信重工,7.27,332.93,0.399
722,湖南发展,12.54,58.21,0.399
300629,新劲刚,25.17,63.28,0.397
3043,华亚智能,53.62,71.76,0.397
301325,曼恩斯特,53.06,76.35,0.396
2585,双星新材,7.58,86.51,0.396
300592,华凯易佰,12.63,51.07,0.396
603319,美湖股份,37.94,128.67,0.395
949,新乡化纤,7.61,129.4,0.394
768,中航西飞,30.44,846.58,0.394
2590,万安科技,15.28,79.31,0.393
300320,海达股份,10.2,61.33,0.392
603124,江南新材,94.74,138.08,0.391
301518,长华化学,42.71,59.87,0.391
300239,东宝生物,6.42,38.11,0.389
2765,蓝黛科技,12.9,84.12,0.388
603662,柯力传感,71.95,202.06,0.388
2518,科士达,59.49,346.37,0.387
300818,耐普矿机,41.55,70.13,0.387
300341,麦克奥迪,18.15,93.91,0.386
301566,达利凯普,23.46,93.84,0.384
657,中钨高新,41.68,949.72,0.384
603031,安孚科技,51.44,132.63,0.383
300246,宝莱特,13.08,34.61,0.382
300354,东华测试,46.32,64.07,0.382
2320,海峡股份,10.5,234.64,0.381
301468,博盈特焊,69.33,90.21,0.381
2254,泰和新材,13.15,112.7,0.38
603014,威高血净,41.73,174.33,0.379
301499,维科精密,32.2,44.52,0.379
301128,强瑞技术,113.57,117.48,0.378
2324,普利特,18.52,206.0,0.378
2392,北京利尔,8.74,104.05,0.378
600824,益民集团,4.77,50.28,0.377
300893,松原安全,25.45,120.38,0.377
300999,金龙鱼,29.58,1603.71,0.375
2131,利欧股份,9.36,633.84,0.374
2510,天汽模,8.03,81.52,0.374
603933,睿能科技,24.15,50.12,0.373
600080,金花股份,8.04,30.01,0.373
301212,联盛化学,32.46,35.06,0.37
300185,通裕重工,2.97,115.75,0.37
300201,海伦哲,8.1,81.73,0.37
2278,神开股份,12.74,49.69,0.369
2144,宏达高科,13.56,23.97,0.369
601366,利群股份,5.44,50.76,0.368
603063,禾望电气,32.31,147.94,0.368
603395,红四方,31.36,81.54,0.367
2368,太极股份,25.34,157.93,0.367
300225,*ST金泰,5.47,26.01,0.366
301157,华塑科技,54.64,32.78,0.366
603067,振华股份,37.19,264.33,0.366
301220,亚香股份,39.13,44.13,0.365
1306,夏厦精密,88.18,55.42,0.364
300863,卡倍亿,59.18,111.36,0.363
300432,富临精工,19.57,334.6,0.363
601226,华电科工,9.4,109.25,0.362
532,华金资本,16.58,57.15,0.362
300445,康斯特,24.86,52.81,0.362
300046,台基股份,40.5,95.8,0.358
300448,浩云科技,9.28,62.78,0.356
2281,光迅科技,72.96,588.55,0.356
300633,开立医疗,28.07,121.46,0.356
301076,新瀚新材,49.86,87.2,0.355
300677,英科医疗,41.92,274.64,0.355
600552,凯盛科技,14.13,133.47,0.354
301031,中熔电气,143.4,140.99,0.354
605298,必得科技,42.43,79.7,0.354
603093,南华期货,18.42,132.2,0.353
2863,今飞凯达,6.24,37.41,0.353
600353,旭光电子,17.01,141.18,0.353
2692,远程股份,5.67,40.72,0.353
300680,隆盛科技,57.74,131.48,0.352
603052,可川科技,50.85,95.55,0.352
2245,蔚蓝锂芯,18.52,213.69,0.351
300100,双林股份,40.05,229.08,0.35
2378,章源钨业,20.6,247.49,0.35
2889,东方嘉盛,15.49,58.5,0.349
2475,立讯精密,57.06,4157.29,0.349
603078,江化微,25.92,99.96,0.347
603216,梦天家居,57.6,128.27,0.347
600037,歌华有线,7.77,108.14,0.347
600366,宁波韵升,14.44,158.7,0.346
300615,欣天科技,14.48,27.98,0.345
600467,好当家,2.62,38.28,0.344
603072,天和磁材,43.7,115.49,0.343
300568,星源材质,14.86,200.33,0.343
300867,圣元环保,19.89,54.05,0.342
301041,金百泽,29.26,31.21,0.342
300968,格林精密,14.71,60.81,0.34
301069,凯盛新材,27.68,123.45,0.34
601177,杭齿前进,17.68,72.13,0.339
603300,海南华铁,7.38,147.37,0.339
2465,海格通信,17.7,439.28,0.339
301221,光庭信息,58.98,54.63,0.339
300959,线上线下,97.94,78.71,0.337
300831,派瑞股份,13.63,43.62,0.337
2903,宇环数控,23.71,37.15,0.337
301167,建研设计,17.8,19.94,0.337
301012,扬电科技,30.53,60.13,0.337
603015,弘讯科技,14.86,60.07,0.336
2523,天桥起重,4.48,63.47,0.335
603177,德创环保,11.99,24.48,0.334
600075,新疆天业,6.0,102.44,0.333
603683,晶华新材,27.08,78.64,0.332
603098,森特股份,15.04,81.17,0.332
2584,西陇科学,9.95,58.23,0.332
300241,瑞丰光电,6.04,42.3,0.331
603090,宏盛股份,90.74,90.74,0.331
2709,天赐材料,43.47,884.13,0.331
300877,金春股份,30.27,36.32,0.33
600202,哈空调,6.07,23.27,0.329
300129,泰胜风能,15.51,171.98,0.329
600776,东方通信,18.6,233.62,0.328
301488,豪恩汽电,152.95,140.71,0.327
301168,通灵股份,44.73,53.68,0.326
301133,金钟股份,41.69,49.18,0.326
300142,沃森生物,12.28,196.4,0.326
600105,永鼎股份,26.13,382.02,0.325
300649,杭州园林,15.43,20.43,0.324
301337,亚华电子,30.96,32.26,0.323
300351,永贵电器,18.59,72.3,0.323
2350,北京科锐,9.33,50.6,0.322
2364,中恒电气,31.09,175.21,0.322
59,华锦股份,5.61,89.73,0.321
733,振华科技,56.31,312.05,0.32
2209,达 意 隆,16.3,32.44,0.319
600276,恒瑞医药,60.1,3988.96,0.319
300964,本川智能,62.98,48.68,0.318
2589,瑞康医药,3.46,52.06,0.318
2145,钛能化学,5.04,191.86,0.317
300669,沪宁股份,31.65,60.99,0.316
2679,福建金森,11.74,27.68,0.315
985,大庆华科,20.62,26.73,0.315
300115,长盈精密,41.42,563.68,0.314
2892,科力尔,13.43,99.96,0.313
300930,屹通新材,32.0,32.0,0.313
605133,嵘泰股份,36.81,104.09,0.312
300606,金太阳,39.13,54.14,0.312
2337,赛象科技,6.73,39.61,0.312
301567,贝隆精密,57.85,41.65,0.311
300430,诚益通,22.49,61.41,0.311
600570,恒生电子,32.31,611.99,0.31
886,海南高速,6.48,64.08,0.309
300772,运达股份,19.5,153.44,0.308
600103,青山纸业,3.9,87.39,0.308
301095,广立微,81.35,162.93,0.307
300236,上海新阳,84.61,265.15,0.307
603489,八方股份,32.65,76.6,0.306
605111,新洁能,38.6,160.32,0.306
2580,圣阳股份,13.17,59.77,0.304
301626,苏州天脉,184.48,213.41,0.304
2331,皖通科技,9.87,42.29,0.304
300522,世名科技,13.18,42.5,0.303
300618,寒锐钴业,49.23,152.46,0.303
300073,当升科技,61.66,335.61,0.302
301226,祥明智能,33.12,36.03,0.302
300892,品渥食品,33.09,33.09,0.302
300842,帝科股份,96.79,140.62,0.301
601700,风范股份,6.67,76.19,0.3
2495,佳隆股份,2.67,24.98,0.3
2268,电科网安,20.03,169.38,0.3
603488,展鹏科技,10.05,29.35,0.299
603179,新泉股份,96.1,490.25,0.299
605288,凯迪股份,124.4,87.92,0.299
600981,苏豪汇鸿,3.35,75.12,0.299
300692,中赋科技,9.4,43.27,0.298
300852,四会富仕,41.7,66.94,0.297
605566,福莱蒽特,33.68,44.91,0.297
300468,四方精创,33.82,179.47,0.296
1339,智微智能,53.9,135.96,0.295
9,中国宝安,10.18,262.56,0.295
301522,上大股份,39.63,147.37,0.295
2112,三变科技,21.06,61.94,0.294
603110,东方材料,16.99,34.19,0.294
2041,登海种业,9.86,86.77,0.294
301369,联动科技,139.99,98.8,0.293
301388,欣灵电气,34.3,35.14,0.292
2929,润建股份,44.53,126.5,0.292
301038,深水规院,24.29,54.19,0.292
300921,南凌科技,24.76,45.51,0.291
603273,天元智能,18.88,40.46,0.291
300235,方直科技,15.47,38.95,0.291
2295,精艺股份,12.39,31.05,0.291
300707,威唐工业,20.62,36.4,0.291
2284,亚太股份,17.2,127.13,0.291
603038,华立股份,17.28,46.43,0.289
600272,开开实业,14.21,37.32,0.289
300925,法本信息,22.57,96.76,0.288
2126,银轮股份,41.04,347.08,0.288
300376,易事特,7.28,169.5,0.288
300265,通光线缆,13.58,63.5,0.287
300539,横河精密,38.99,104.53,0.287
300658,延江股份,20.9,69.55,0.287
603633,徕木股份,9.43,40.25,0.286
600783,鲁信创投,24.51,182.44,0.286
600495,晋西车轴,4.9,59.2,0.286
3022,联泓新科,20.99,280.34,0.286
2222,福晶科技,69.95,328.94,0.286
301536,星宸科技,70.1,295.62,0.285
2192,融捷股份,58.3,151.38,0.285
1356,富岭股份,13.35,78.67,0.285
300176,鸿特科技,7.01,27.15,0.285
301629,矽电股份,336.3,140.33,0.285
300927,江天化学,31.56,45.56,0.285
600584,长电科技,52.61,941.41,0.285
301025,读客文化,10.55,42.23,0.284
2587,奥拓电子,7.03,45.8,0.284
600571,信雅达,16.62,77.5,0.283
600399,抚顺特钢,6.36,125.43,0.283
2565,顺灏股份,14.14,149.88,0.283
938,紫光股份,26.59,760.5,0.282
300933,中辰股份,9.23,50.5,0.282
605,渤海股份,7.09,25.0,0.282
600338,西藏珠峰,19.56,178.82,0.281
301311,昆船智能,19.19,46.06,0.281
300937,药易购,35.56,34.02,0.281
300809,华辰装备,42.71,108.29,0.281
605218,伟时电子,19.57,41.65,0.281
600977,中国电影,16.47,307.49,0.279
300758,七彩化学,17.92,72.76,0.279
973,佛塑科技,12.61,121.99,0.278
2881,美格智能,46.84,122.61,0.278
603032,德新科技,20.2,47.17,0.277
2531,天顺风能,7.22,129.73,0.277
2276,万马股份,18.07,182.7,0.277
605208,永茂泰,14.12,46.59,0.276
753,漳州发展,7.24,71.78,0.276
300101,振芯科技,26.94,152.99,0.275
603019,中科曙光,98.23,1437.22,0.275
301265,华新环保,14.55,44.08,0.275
600099,林海股份,10.92,23.93,0.275
1335,信凯科技,54.45,51.04,0.275
2487,大金重工,60.34,384.82,0.275
300650,太龙股份,18.19,39.71,0.275
600195,中牧股份,8.39,85.67,0.274
600738,丽尚国潮,5.48,41.72,0.274
300531,优博讯,18.27,58.66,0.274
300835,龙磁科技,73.13,87.21,0.273
603960,克来机电,20.88,54.75,0.273
300687,赛意信息,25.61,104.59,0.273
603191,望变电气,18.4,61.15,0.272
603106,恒银科技,11.01,57.31,0.272
876,新 希 望,8.83,397.59,0.272
601696,中银证券,14.09,391.42,0.27
2400,省广集团,10.78,187.93,0.269
301390,经纬股份,37.21,22.33,0.269
600692,亚通股份,7.45,26.21,0.268
2703,浙江世宝,22.47,184.85,0.267
300733,西菱动力,18.74,57.28,0.267
300655,晶瑞电材,20.3,217.81,0.266
2358,森源电气,7.56,70.29,0.265
600736,苏州高新,6.82,78.52,0.264
600580,卧龙电驱,47.54,742.63,0.263
2038,双鹭药业,7.6,78.08,0.263
300447,全信股份,19.11,59.68,0.262
603211,晋拓股份,22.89,62.22,0.262
2526,山东矿机,3.83,68.28,0.261
2095,生 意 宝,19.17,48.45,0.261
2845,同兴达,15.35,50.28,0.261
603005,晶方科技,32.3,210.65,0.26
600586,金晶科技,5.77,81.78,0.26
301529,福赛科技,162.1,137.52,0.259
2182,宝武镁业,19.27,191.12,0.259
300763,锦浪科技,77.72,309.41,0.259
603668,天马科技,15.58,78.79,0.257
600367,红星发展,19.49,66.49,0.257
300059,东方财富,23.31,3683.92,0.257
301270,汉仪股份,39.91,39.91,0.256
600072,中船科技,11.7,175.81,0.256
735,罗 牛 山,7.81,89.93,0.256
1373,翔腾新材,39.19,26.92,0.255
301418,协昌科技,39.41,28.9,0.254
301387,光大同创,59.1,63.09,0.254
2028,思源电气,196.95,1540.26,0.253
300972,万辰集团,209.74,396.18,0.253
2600,领益智造,15.4,1125.33,0.253
603171,税友股份,78.98,320.93,0.253
603375,盛景微,39.5,39.76,0.253
2870,香山股份,39.63,52.34,0.252
988,华工科技,80.02,804.6,0.252
605255,天普股份,177.07,237.42,0.251
300785,值得买,59.66,118.64,0.251
2402,和而泰,39.91,369.02,0.251
2492,恒基达鑫,8.0,32.4,0.25
301018,申菱环境,64.1,170.54,0.25
300549,优德精密,20.1,26.8,0.249
301225,恒勃股份,169.6,175.33,0.248
600782,新钢股份,4.03,128.32,0.248
300135,宝利国际,4.05,37.32,0.247
300666,江丰电子,123.79,328.44,0.247
603045,福达合金,24.73,33.5,0.247
2074,国轩高科,40.48,734.35,0.247
300792,壹网壹创,40.44,95.82,0.247
300640,德艺文创,8.09,25.16,0.247
2389,航天彩虹,24.41,240.42,0.246
301603,乔锋智能,81.45,98.36,0.246
301257,普蕊斯,68.8,54.36,0.246
301200,大族数控,161.34,686.52,0.245
301486,致尚科技,163.2,210.01,0.245
301258,富士莱,37.17,34.07,0.245
505,京粮控股,7.35,53.43,0.245
965,天保基建,4.1,45.5,0.244
2049,紫光国微,86.36,733.74,0.243
977,浪潮信息,65.82,966.55,0.243
300936,中英科技,41.4,31.13,0.242
603538,美诺华,20.67,45.6,0.242
300613,富瀚微,49.49,115.08,0.242
300811,铂科新材,82.19,238.19,0.242
301112,信邦智能,41.38,45.63,0.242
301266,宇邦新材,41.96,46.15,0.238
603722,阿科力,41.24,40.3,0.238
301251,威尔高,56.37,75.92,0.238
300480,光力科技,21.09,74.41,0.237
301171,易点天下,59.59,281.2,0.237
300496,中科创达,77.07,354.83,0.237
600838,上海九百,13.67,54.8,0.234
2952,亚世光电,21.33,35.05,0.234
603002,宏昌电子,8.54,96.85,0.234
301111,粤万年青,21.5,34.4,0.233
600602,云赛智联,19.28,263.69,0.233
2945,华林证券,17.15,463.05,0.233
603159,上海亚虹,27.89,39.05,0.233
2676,顺威股份,8.63,62.14,0.232
301008,宏昌科技,37.43,49.02,0.232
300872,天阳科技,20.28,98.99,0.232
300491,通合科技,29.53,51.88,0.23
1208,华菱线缆,22.65,144.59,0.23
2599,盛通股份,8.68,46.24,0.23
2935,天奥电子,21.75,92.24,0.23
301528,多浦乐,70.7,43.76,0.229
301358,湖南裕能,68.01,517.42,0.229
2899,英派斯,32.78,48.45,0.229
300234,开尔新材,6.11,30.74,0.229
301275,汉朔科技,66.72,281.83,0.228
2896,中大力德,88.14,173.22,0.227
2655,共达电声,13.23,47.88,0.227
301333,诺思格,70.64,68.22,0.227
300920,润阳科技,44.06,44.06,0.227
603613,国联股份,29.11,209.75,0.227
300719,安达维尔,17.73,45.07,0.226
300829,金丹科技,18.62,42.32,0.226
600318,新力金融,8.84,45.33,0.226
600429,三元股份,5.31,79.76,0.226
837,秦川机床,13.36,136.69,0.225
300709,精研科技,48.94,91.07,0.225
603039,泛微网络,66.97,174.53,0.224
300816,艾可蓝,63.09,50.47,0.223
300275,梅安森,13.47,41.49,0.223
600641,先导基电,19.36,180.17,0.222
1258,立新能源,7.68,71.68,0.221
600386,北巴传媒,4.55,36.69,0.22
300992,泰福泵业,34.06,32.47,0.22
301085,亚康股份,54.88,47.62,0.219
300107,建新股份,7.35,41.36,0.218
713,国投丰乐,6.87,54.84,0.218
301161,唯万密封,38.54,46.25,0.218
603178,圣龙股份,18.46,43.64,0.217
603232,格尔软件,23.02,53.89,0.217
603,盛达资源,46.0,317.39,0.217
3021,兆威机电,130.6,314.36,0.217
300054,鼎龙股份,46.45,440.04,0.215
300882,万胜智能,23.25,66.54,0.215
601869,长飞光纤,114.17,945.22,0.215
600222,太龙药业,6.54,37.53,0.214
2218,拓日新能,4.69,66.27,0.213
603656,泰禾智能,23.47,43.04,0.213
300329,海伦钢琴,15.09,38.16,0.212
600682,南京新百,7.54,101.42,0.212
300170,汉得信息,26.43,270.17,0.212
601279,英利汽车,4.72,74.85,0.212
2849,威星智能,18.99,41.9,0.211
301093,华兰股份,73.25,120.28,0.21
600620,天宸股份,7.13,48.96,0.21
1267,汇绿生态,23.85,187.26,0.21
2877,智能自控,9.55,33.98,0.209
600893,航发动力,46.73,1245.63,0.208
300582,英飞特,18.32,54.69,0.207
2551,尚荣医疗,3.86,32.64,0.207
603059,倍加洁,38.66,38.83,0.207
600419,天润乳业,10.13,31.96,0.207
600158,中体产业,9.71,93.17,0.206
301560,众捷汽车,38.95,47.36,0.205
2460,赣锋锂业,70.36,1475.23,0.205
301382,蜂助手,37.7,107.67,0.204
300672,国科微,148.46,322.31,0.202
605598,上海港湾,56.55,138.31,0.202
600478,科力远,7.41,123.42,0.202
300661,圣邦股份,76.08,470.21,0.202
301236,软通动力,49.83,474.85,0.201
301051,信濠光电,20.89,42.42,0.201
600113,浙江东日,60.0,252.71,0.2
300652,雷迪克,57.47,76.66,0.2
2347,泰尔股份,10.03,50.62,0.199
600088,中视传媒,17.06,67.85,0.199
600308,华泰股份,4.02,60.98,0.199
2919,名臣健康,25.29,67.4,0.198
300827,上能电气,39.44,219.56,0.198
300584,海辰药业,50.41,60.49,0.198
300969,恒帅股份,145.0,162.4,0.197
603663,三祥新材,38.23,161.83,0.196
2183,怡 亚 通,5.09,132.19,0.196
300227,光韵达,11.24,62.56,0.196
300067,安诺其,5.18,59.8,0.193
301392,汇成真空,155.4,155.4,0.193
603800,洪田股份,52.0,108.16,0.192
605222,起帆电缆,20.88,86.21,0.192
300721,怡达股份,15.59,25.7,0.192
534,万泽股份,26.04,132.69,0.192
1314,亿道信息,46.36,66.13,0.192
565,渝三峡Ａ,7.84,33.99,0.191
1223,欧克科技,56.46,52.71,0.19
605179,一鸣食品,21.07,84.49,0.19
2201,九鼎新材,12.6,82.11,0.19
301413,安培龙,157.98,155.46,0.19
600215,派斯林,7.88,36.0,0.19
301293,三博脑科,78.17,161.02,0.189
300702,天宇股份,26.48,92.14,0.189
300753,爱朋医疗,34.61,43.63,0.188
301326,捷邦科技,106.69,77.57,0.187
600879,航天电子,26.93,888.5,0.186
2897,意华股份,53.69,104.09,0.186
300963,中洲特材,21.0,96.31,0.186
2044,美年健康,7.54,295.13,0.186
2715,登云股份,17.27,23.83,0.185
601218,吉鑫科技,5.42,52.52,0.185
2339,积成电子,10.81,54.49,0.185
300055,万邦达,8.16,68.28,0.184
2246,北化股份,21.78,119.58,0.184
300986,志特新材,34.8,143.37,0.184
1317,三羊马,51.0,43.64,0.184
600330,天通股份,11.97,147.64,0.184
301209,联合化学,109.52,122.66,0.183
2161,远 望 谷,8.2,60.66,0.183
601118,海南橡胶,6.05,258.91,0.182
301013,利和兴,27.69,64.72,0.181
300546,雄帝科技,24.82,46.32,0.181
600530,交大昂立,6.63,51.38,0.181
300399,天利科技,27.78,54.89,0.18
2148,北纬科技,8.89,49.69,0.18
2800,天顺股份,16.66,25.37,0.18
603083,剑桥科技,112.93,398.25,0.179
600679,上海凤凰,13.39,69.0,0.179
2767,先锋电子,24.67,37.01,0.178
603108,润达医疗,16.88,101.9,0.178
600604,市北高新,5.63,105.47,0.178
300850,新强联,47.88,198.26,0.178
301338,凯格精机,112.55,119.75,0.178
917,电广传媒,11.33,160.61,0.177
2883,中设股份,11.31,17.66,0.177
603881,数据港,33.82,242.96,0.177
2886,沃特股份,23.75,62.51,0.177
600825,新华传媒,6.77,70.74,0.177
2079,苏州固锝,10.71,86.82,0.177
301139,元道通信,19.82,24.1,0.177
2931,锋龙股份,82.25,179.72,0.175
600880,博瑞传播,5.74,62.76,0.174
600201,生物股份,17.29,192.22,0.174
300712,永福股份,28.86,54.13,0.173
603099,长白山,46.36,126.26,0.173
603701,德宏股份,23.16,60.53,0.173
2230,科大讯飞,58.09,1342.95,0.172
300079,数码视讯,5.81,82.85,0.172
762,西藏矿业,29.0,151.04,0.172
570,苏常柴Ａ,5.8,40.93,0.172
605228,神通科技,15.76,68.13,0.171
2421,达实智能,2.93,62.13,0.171
300288,朗玛信息,14.66,49.54,0.171
603009,北特科技,49.88,168.86,0.17
600108,亚盛集团,3.56,69.31,0.169
301137,哈焊华通,53.59,97.43,0.168
300942,易瑞生物,10.09,40.87,0.168
600345,长江通信,32.67,107.68,0.168
300493,润欣科技,20.78,106.5,0.168
300576,容大感光,44.69,163.73,0.168
300226,上海钢联,29.79,94.95,0.168
300561,*ST汇科,20.85,68.41,0.168
301571,国科天成,57.99,104.05,0.167
2333,罗普斯金,6.0,40.5,0.167
300913,兆龙互连,54.52,186.88,0.167
301141,中科磁业,60.25,74.73,0.166
301550,斯菱智驱,197.0,455.61,0.166
300830,金现代,13.95,63.0,0.165
600315,上海家化,23.7,159.32,0.165
925,众合科技,9.11,61.62,0.165
300057,万顺新材,6.1,54.76,0.164
300826,测绘股份,17.1,30.15,0.164
301316,慧博云通,48.67,196.63,0.164
2016,世荣兆业,6.14,49.68,0.163
603329,上海雅仕,11.63,29.08,0.163
300805,电声股份,12.27,52.08,0.163
2335,科华数据,61.52,317.08,0.163
300550,和仁科技,15.43,40.51,0.162
301021,英诺激光,61.66,94.25,0.162
600739,辽宁成大,12.33,188.61,0.162
2097,山河智能,12.46,133.9,0.161
300540,蜀道装备,22.4,51.42,0.161
603119,浙江荣泰,121.01,440.16,0.161
605196,华通线缆,39.05,199.55,0.161
2497,雅化集团,25.0,288.14,0.16
300569,天能重工,6.24,63.82,0.16
603955,大千生态,31.16,42.29,0.16
2890,弘宇股份,16.28,27.66,0.16
301102,兆讯传媒,12.49,50.71,0.16
2307,北新路桥,5.04,83.1,0.159
3040,楚天龙,18.82,86.79,0.159
301123,奕东电子,63.86,149.84,0.157
603936,博敏电子,12.75,80.38,0.157
2467,二六三,6.39,87.89,0.156
603819,神力股份,12.88,28.04,0.155
300308,中际旭创,581.9,6465.6,0.155
600203,福日电子,12.92,76.61,0.155
3007,直真科技,42.47,43.24,0.155
2837,英维克,99.37,970.4,0.154
2371,北方华创,509.69,3692.58,0.153
300747,锐科激光,32.66,183.42,0.153
600830,香溢融通,9.8,44.52,0.153
301391,卡莱特,78.77,74.84,0.152
2729,好利科技,18.44,33.74,0.152
300043,星辉娱乐,6.63,82.49,0.151
300678,中科信息,33.21,98.43,0.151
2975,博杰股份,83.78,134.3,0.15
300133,华策影视,8.68,163.9,0.15
301237,和顺科技,66.91,53.53,0.149
300102,乾照光电,31.1,286.22,0.148
601388,怡球资源,3.38,74.4,0.148
2476,宝莫股份,6.78,41.49,0.147
301286,侨源股份,54.27,217.13,0.147
301091,深城交,26.74,140.99,0.146
301125,腾亚精工,20.5,29.06,0.146
301120,新特电气,20.66,76.74,0.145
603690,至纯科技,34.61,132.54,0.144
2969,嘉美包装,19.41,198.52,0.144
2686,亿利达,6.93,39.24,0.144
301611,珂玛科技,138.43,603.55,0.144
600955,维远股份,20.88,114.84,0.144
600505,西昌电力,14.09,51.37,0.142
601069,西部黄金,35.31,321.67,0.142
970,中科三环,14.21,172.75,0.141
301067,显盈科技,35.47,34.49,0.141
2403,爱仕达,12.97,44.18,0.139
300583,赛托生物,14.45,27.41,0.138
300395,菲利华,94.55,493.8,0.137
301045,天禄科技,36.57,40.34,0.137
603308,应流股份,51.55,350.04,0.136
301348,蓝箭电子,36.75,88.2,0.136
300814,中富电路,73.58,140.85,0.136
603869,ST智知,10.31,50.94,0.136
603667,五洲新春,89.11,326.32,0.135
2644,佛慈制药,8.92,45.55,0.135
603779,威龙股份,6.67,22.15,0.135
58,深 赛 格,9.68,119.18,0.134
301246,宏源药业,22.38,89.52,0.134
300342,天银机电,49.68,211.16,0.131
300868,杰美特,34.37,43.98,0.131
300984,金沃股份,81.61,100.6,0.131
301421,波长光电,114.1,132.03,0.131
301052,果麦文化,40.77,40.35,0.13
603306,华懋科技,72.88,240.14,0.13
426,兴业银锡,54.2,962.39,0.129
300339,润和软件,54.15,431.26,0.129
2380,科远智慧,31.0,74.4,0.129
300782,卓胜微,79.82,426.99,0.128
603773,沃格光电,39.16,87.98,0.128
603988,中电电机,31.2,73.38,0.128
2277,友阿股份,7.83,109.16,0.128
300253,卫宁健康,11.78,260.99,0.127
560,我爱我家,3.16,74.43,0.127
300731,科创新源,62.84,79.45,0.127
600460,士兰微,31.53,524.68,0.127
301269,华大九天,117.43,640.51,0.127
600703,三安光电,15.9,793.25,0.126
300277,海联讯,15.87,54.23,0.126
301213,观想科技,80.01,64.01,0.125
600336,澳柯玛,8.04,64.16,0.124
600556,天下秀,7.28,131.6,0.124
600156,华升股份,8.18,32.89,0.122
300798,锦鸡股份,8.18,38.35,0.122
2338,奥普光电,58.08,139.39,0.121
2119,康强电子,24.88,93.37,0.121
601020,华钰矿业,33.4,273.87,0.12
1298,好上好,34.2,101.5,0.12
300007,汉威科技,58.74,192.34,0.119
3035,南网能源,5.86,221.97,0.119
2436,兴森科技,25.45,432.57,0.118
603333,尚纬股份,8.44,52.46,0.118
1212,中旗新材,54.91,110.35,0.117
300541,先进数通,15.32,65.88,0.117
600435,北方导航,17.15,259.37,0.117
603516,淳中科技,212.85,432.66,0.117
301396,宏景科技,74.0,113.6,0.116
300380,安硕信息,43.41,60.1,0.115
300821,东岳硅材,13.31,159.72,0.113
300621,维业股份,8.86,18.43,0.113
603657,春光科技,31.07,42.0,0.113
2250,联化科技,17.84,160.54,0.112
300602,飞荣达,33.85,196.96,0.112
300476,胜宏科技,267.49,2328.1,0.111
628,高新发展,49.48,174.31,0.111
300404,博济医药,10.77,41.54,0.111
300521,爱司凯,34.51,51.67,0.11
600230,沧州大化,19.3,79.89,0.109
603200,上海洗霸,82.25,144.33,0.109
300047,天源迪科,13.85,88.33,0.108
2862,实丰文化,19.45,32.68,0.108
600515,海南机场,4.65,531.28,0.108
600689,上海三毛,14.04,28.22,0.107
300857,协创数据,196.67,680.72,0.106
603986,兆易创新,307.65,2143.6,0.105
300891,惠云钛业,9.63,38.52,0.104
300321,同大股份,41.7,37.03,0.103
600390,五矿资本,5.81,261.34,0.103
301489,思泉新材,174.66,141.04,0.102
2819,东方中科,29.32,87.85,0.102
301510,固高科技,38.74,154.96,0.101
300516,久之洋,68.1,122.58,0.101
300645,正元智慧,19.74,28.05,0.101
301235,华康洁净,49.05,52.86,0.1
301155,海力风电,89.76,195.13,0.1
600818,中路股份,10.14,32.59,0.099
1236,弘业期货,10.13,102.09,0.099
300070,碧水源,4.1,148.59,0.098
301205,联特科技,206.75,268.25,0.097
300779,惠城环保,102.31,205.57,0.096
300579,数字认证,31.61,85.35,0.095
300450,先导智能,58.91,922.63,0.095
300355,蒙草生态,4.19,67.22,0.095
301368,丰立智能,70.49,84.66,0.095
300260,新莱应材,63.55,259.16,0.094
603901,永创智能,15.96,79.4,0.094
300756,金马游乐,53.44,84.22,0.094
829,天音控股,10.74,110.1,0.093
1255,博菲电气,40.25,34.8,0.092
2239,奥特佳,3.31,109.97,0.091
300681,英搏尔,27.72,84.81,0.09
600730,中国高科,11.15,65.41,0.09
300005,探路者,13.42,118.59,0.089
681,视觉中国,26.88,188.32,0.089
601698,中国卫通,35.85,1514.44,0.089
600992,贵绳股份,13.52,33.14,0.089
2177,御银股份,7.93,60.36,0.088
2384,东山精密,74.6,1366.38,0.087
2009,天奇股份,23.04,92.67,0.087
603595,ST东尼,17.24,40.07,0.087
2451,摩恩电气,11.69,51.51,0.086
300975,商络电子,14.14,97.14,0.085
300953,震裕科技,176.98,307.02,0.085
301183,东田微,150.3,120.35,0.083
301218,华是科技,29.95,34.15,0.083
300182,捷成股份,6.01,160.1,0.083
2428,云南锗业,36.67,239.5,0.082
600010,包钢股份,2.43,1100.51,0.082
3009,中天火箭,69.71,108.33,0.082
600363,联创光电,66.62,300.38,0.081
603685,晨丰科技,18.42,46.23,0.081
300502,新易盛,394.8,3924.35,0.081
603496,恒为科技,30.85,98.78,0.081
2488,金固股份,12.27,122.14,0.081
300503,昊志机电,65.88,203.06,0.08
2156,通富微电,56.11,851.52,0.08
300626,华瑞股份,21.69,39.04,0.078
300474,景嘉微,78.03,407.8,0.077
300223,北京君正,130.92,631.74,0.076
1309,德明利,285.16,646.87,0.075
603127,昭衍新药,40.7,304.98,0.074
301517,陕西华达,73.4,111.01,0.074
2885,京泉华,29.91,81.03,0.074
300180,华峰超纤,6.94,122.22,0.072
301308,江波龙,346.62,1452.84,0.072
2153,石基信息,13.92,379.9,0.072
300991,创益通,41.54,59.82,0.072
300604,长川科技,138.6,879.28,0.071
603126,中材节能,7.1,43.35,0.07
2779,中坚科技,113.0,208.82,0.07
600111,北方稀土,49.95,1805.73,0.07
600006,东风股份,7.28,145.6,0.069
300879,大叶股份,30.41,61.55,0.069
2735,王子新材,19.02,72.66,0.068
300136,信维通信,73.31,709.32,0.068
600773,西藏城投,14.6,138.93,0.068
301285,鸿日达,75.01,155.02,0.067
2213,大为股份,31.42,74.62,0.067
300620,光库科技,148.46,369.93,0.067
600640,国脉文化,13.53,107.66,0.067
300337,银邦股份,15.18,124.77,0.066
600615,鑫源智造,12.31,27.77,0.065
300414,中光防雷,15.66,51.05,0.064
2012,凯恩股份,6.26,29.27,0.064
2857,三晖电气,23.35,30.5,0.064
2771,真视通,15.6,32.72,0.064
600619,海立股份,20.61,221.22,0.063
603061,金海通,271.28,162.77,0.063
300862,蓝盾光电,24.17,44.62,0.062
600178,东安动力,12.92,60.27,0.062
300675,建科院,16.27,23.86,0.061
300738,奥飞数据,21.16,208.46,0.061
561,烽火电子,11.63,100.49,0.06
301217,铜冠铜箔,33.64,278.88,0.059
603938,三孚股份,28.8,110.2,0.059
300548,长芯博创,139.1,405.56,0.058
300475,香农芯创,162.33,754.65,0.057
603729,龙韵股份,17.71,16.53,0.056
2933,新兴装备,35.86,42.08,0.056
2792,通宇通讯,45.3,237.3,0.055
1300,三柏硕,18.15,44.25,0.055
603336,宏辉果蔬,9.09,55.33,0.055
300215,电科院,9.02,67.57,0.055
300589,江龙船艇,18.65,70.44,0.054
300455,航天智装,28.57,205.07,0.053
300765,新诺威,38.69,543.44,0.052
300378,鼎捷数智,57.59,156.39,0.052
2232,启明信息,19.34,79.01,0.052
300810,中科海讯,39.92,47.13,0.05
605188,国光连锁,20.15,101.23,0.05
605136,丽人丽妆,12.16,48.7,0.049
605398,新炬网络,31.8,51.74,0.047
601212,白银有色,8.57,634.59,0.047
300348,长亮科技,15.3,124.09,0.046
300454,深信服,139.21,585.56,0.045
2851,麦格米特,113.85,626.26,0.044
301079,邵阳液压,44.99,49.01,0.044
603131,上海沪工,25.52,85.87,0.043
600316,洪都航空,40.43,289.93,0.042
603859,能科科技,49.77,121.79,0.04
300597,吉大通信,9.99,27.23,0.04
301248,杰创智能,51.0,78.39,0.039
600271,航天信息,10.51,194.74,0.038
603286,日盈电子,81.4,95.56,0.037
300527,ST应急,8.21,83.48,0.037
600410,华胜天成,20.22,221.71,0.035
300161,华中数控,32.66,64.89,0.031
603728,鸣志电器,76.31,319.65,0.031
300757,罗博特科,335.0,561.49,0.028
301005,超捷股份,180.6,242.48,0.028
300806,斯迪克,38.0,172.25,0.026
2544,普天科技,31.49,214.3,0.025
301607,富特科技,51.19,79.56,0.025
301117,佳缘科技,61.65,79.63,0.023
300328,宜安科技,17.81,122.96,0.017
600118,中国卫星,95.78,1132.59,0.01
2174,游族网络,12.0,118.0,0.008
